Name,Status,Completed,Collin Rating,Valerie Rating,Genre,Source,Previously Seen By,Chosen By,imdb,Release Date
Us,Watched,"October 6, 2024",8.5,8,"Horror, Thriller",Peacock,Neither,Collin,https://www.imdb.com/title/tt6857112/,"March 22, 2019"
Annabelle,Watched,"October 6, 2024",3.5,4,Horror,Netflix,Valerie,Valerie,https://www.imdb.com/title/tt3322940/,"October 1, 2014"
Up in the Air,Watched,"September 30, 2024",5,5.5,"Drama, Romance",Max,Collin,Collin,https://www.imdb.com/title/tt1193138/,"December 4, 2009"
The Conjuring,Watched,"September 29, 2024",6,7,Horror,Netflix,Valerie,Valerie,https://www.imdb.com/title/tt1457767/,"July 18, 2013"
A Quiet Place,Watched,"September 26, 2024",7.5,8.5,"Horror, Thriller",Paramount+,Collin,Collin,https://imdb.com/title/tt6644200/,"April 2, 2018"
Bird Box,Watched,"September 25, 2024",9,8.5,"Horror, Thriller",Netflix,Valerie,Valerie,https://www.imdb.com/title/tt2737304/,"December 13, 2018"
Sonic the Hedgehog 2,Watched,"September 22, 2024",7.5,7,"Adventure, Family",Paramount+,Neither,"Collin, Zach",https://www.imdb.com/title/tt12412888/,"March 31, 2022"
Uglies,Watched,"September 21, 2024",4,4.5,Adventure,Netflix,Neither,"Collin, Valerie",https://www.imdb.com/title/tt13186604/,"September 13, 2024"
Hubie Halloween,Watched,"September 18, 2024",6,5,"Adventure, Comedy, Horror",Netflix,Neither,Collin,https://www.imdb.com/title/tt10682266/,"October 7, 2020"
Juno,Watched,"September 16, 2024",5.5,5.5,"Comedy, Drama",Hulu,Neither,"Valerie, Yasmin",https://www.imdb.com/title/tt0467406/,"December 25, 2007"
Sonic the Hedgehog,Watched,"September 15, 2024",7,6.5,"Adventure, Comedy, Family",Paramount+,Neither,"Collin, Zach",https://www.imdb.com/title/tt3794354/,"February 12, 2020"
Tangled,Watched,"September 9, 2024",8,8.5,"Adventure, Family",Disney +,"Collin, Valerie",Collin,https://www.imdb.com/title/tt0398286/,"November 24, 2010"
Lisa Frankenstein,Watched,"September 8, 2024",7.5,8,"Comedy, Horror, Romance",Peacock,Neither,Valerie,https://www.imdb.com/title/tt21188080/,"February 8, 2024"
Beetlejuice Beetlejuice,Watched,"September 7, 2024",8,8,Comedy,Theater,Neither,"Collin, Valerie, Zach",https://www.imdb.com/title/tt2049403/,"September 6, 2024"
Beetlejuice,Watched,"September 6, 2024",8,7,Comedy,Max,"Collin, Valerie",Valerie,https://www.imdb.com/title/tt0094721/,"March 29, 1988"
Birdman or (The Unexpected Virtue of Ignorance),Watched,"September 6, 2024",8.5,9.5,"Bizarro, Drama",To Torrent,Collin,Collin,https://imdb.com/title/tt2562232/,"November 14, 2014"
Trap,Watched,"September 3, 2024",5.5,5,Thriller,Theater,Neither,Karmen,https://www.imdb.com/title/tt26753003/,"August 1, 2024"
Ruby Gillman: Teenage Kraken,Watched,"September 1, 2024",7.5,5,"Comedy, Family",Netflix,Neither,Collin,https://www.imdb.com/title/tt27155038/',"June 30, 2023"
Pleasantville,Watched,"August 24, 2024",7,8,"Comedy, Drama",Youtube,Neither,Valerie,https://www.imdb.com/title/tt0120789/,"October 23, 1998"
The Idea of You,Watched,"August 24, 2024",6.5,,"Comedy, Romance",Prime Video,Neither,,https://www.imdb.com/title/tt9466114/,"May 2, 2024"
Friday the 13th: Part 3,Watched,"August 23, 2024",6.5,6.5,Horror,Max,Neither,Zach,https://www.imdb.com/title/tt0083972/,"August 13, 1982"
Scream,Watched,"August 20, 2024",8,8,"Horror, Thriller",Max,Neither,"Collin, Zach",https://www.imdb.com/title/tt0117571/,"December 20, 1996"
Jay and Silent Bob Strike Back,Watched,"August 18, 2024",6.5,7,"Comedy, Stoner",Prime Video,Collin,Collin,https://www.imdb.com/title/tt0261392/,"September 24, 2001"
Shark Tale,Watched,"August 16, 2024",7,7,"Comedy, Family",Peacock,Valerie,Valerie,https://www.imdb.com/title/tt0307453/,"November 5, 2004"
The Perks of Being a Wallflower,Watched,"August 6, 2024",7,7,Drama,Youtube,"Collin, Valerie",,https://www.imdb.com/title/tt1659337/,"September 10, 2012"
Clerks,Watched,"August 5, 2024",7,6.5,"Arthouse, Comedy",Netflix,Collin,Collin,https://www.imdb.com/title/tt0109445/,"January 22, 1994"
Deadpool & Wolverine,Watched,"August 4, 2024",8,7.5,"Adventure, Comedy",Theater,Neither,"Collin, John, Valerie, Zach",https://www.imdb.com/title/tt6263850/,"July 24, 2024"
Saving Bikini Bottom: The Sandy Cheeks Movie,Watched,"August 3, 2024",6,4.5,"Adventure, Comedy, Family",Netflix,Neither,"Collin, Valerie, Yasmin",https://www.imdb.com/title/tt23063732/,"August 2, 2024"
Mac and Devin Go to High School,Watched,"July 31, 2024",6.5,6,"Comedy, Stoner",Youtube,Valerie,"Anna, Collin, Valerie",https://www.imdb.com/title/tt1870425/,"July 3, 2012"
The Disaster Artist,Watched,"July 30, 2024",7,8.5,Comedy,Max,"Collin, Valerie","Collin, Valerie",https://www.imdb.com/title/tt3521126/,"December 3, 2017"
The Boy and the Heron,Watched,"July 28, 2024",8.5,9,Adventure,Bluray,Neither,John,https://www.imdb.com/title/tt6587046/,"January 10, 2023"
Poor Things,Watched,"July 16, 2024",3.5,4,Bizarro,Hulu,Neither,Collin,https://www.imdb.com/title/tt14230458/,"February 9, 2023"
Osmosis Jones,Watched,"July 15, 2024",7,6,"Comedy, Family",Youtube,"Collin, Valerie",Valerie,https://www.imdb.com/title/tt0181739/,"July 8, 2001"
Burn After Reading,Watched,"July 12, 2024",7.5,6.5,"Comedy, Drama",Netflix,Collin,Collin,https://imdb.com/title/tt0887883/,"September 12, 2008"
Paris is Burning,Watched,"July 12, 2024",7,9.5,Documentary,Max,Valerie,Valerie,https://www.imdb.com/title/tt0100332/,"September 6, 1990"
Spiderman: No Way Home,Watched,"July 10, 2024",8,6.5,"Action, Comedy",Torrent,Valerie,Collin,https://www.imdb.com/title/tt10872600/,"December 13, 2021"
Spring Awakening: Those You've Known,Watched,"July 9, 2024",8,8.5,"Documentary, Musical",Max,Neither,Valerie,https://www.imdb.com/title/tt19393916/,"March 5, 2022"
Space Jam: A New Legacy,Watched,"July 7, 2024",7.5,7.5,"Comedy, Family",Torrent,Collin,Collin,https://www.imdb.com/title/tt3554046/,"December 7, 2021"
Space Jam,Watched,"July 7, 2024",7,7,"Comedy, Family",Max,Valerie,Valerie,https://www.imdb.com/title/tt0117705/,"November 10, 1996"
Inside Out 2,Watched,"July 4, 2024",8,8.5,"Comedy, Drama, Family",Torrent,Neither,Anna,https://www.imdb.com/title/tt22022452/,"June 14, 2024"
Unfrosted,Watched,"July 2, 2024",7.5,6.5,Comedy,Netflix,Neither,Collin,https://www.imdb.com/title/tt14914430/,"May 3, 2024"
Bruce Almighty,Watched,"June 26, 2024",7.5,8,Comedy,Torrent,"Collin, Valerie",Collin,https://www.imdb.com/title/tt0315327/,"May 23, 2003"
Shaggy D.A.,Watched,"June 21, 2024",6,6,Comedy,Disney +,Neither,Valerie,https://www.imdb.com/title/tt0075200/,"December 17, 1976"
Mr Deeds,Watched,"June 19, 2024",6.5,6,"Comedy, Romance",Torrent,Collin,Collin,https://imdb.com/title/tt0280590/,"May 28, 2002"
The Holiday,Watched,"June 14, 2024",7,6,Romance,Torrent,Collin,Collin,https://www.imdb.com/title/tt0457939/,"November 29, 2006"
The Dark Crystal,Watched,"May 26, 2024",5,5,"Action, Family",Peacock,Valerie,Valerie,https://www.imdb.com/title/tt0083791/,"December 17, 1982"
Deadpool 2,Watched,"May 15, 2024",7,6,"Action, Comedy",Disney +,Collin,Collin,https://www.imdb.com/title/tt5463162/,"October 5, 2018"
The Mummy 2,Watched,"May 10, 2024",7,7,Action,Peacock,Valerie,Valerie,https://www.imdb.com/title/tt0209163/,"April 29, 2001"
Tenacious D: The Pick of Destiny,Watched,"May 1, 2024",5.5,7.5,"Comedy, Musical",Torrent,Neither,Collin,https://www.imdb.com/title/tt0365830/,"November 22, 2006"
Moana,Watched,"April 24, 2024",6.5,7,"Family, Musical",Disney +,Valerie,Valerie,https://www.imdb.com/title/tt3521164/,"November 14, 2016"
Joe Dirt,Watched,"April 19, 2024",8,6.5,"Comedy, Family",Torrent,Collin,Collin,https://www.imdb.com/title/tt0245686/,"November 4, 2001"
Masterminds,Watched,"April 17, 2024",7,7,Comedy,Hulu,Valerie,Valerie,https://www.imdb.com/title/tt2461150/,"September 28, 2016"
Zach and Miri Make A Porno,Watched,"April 16, 2024",6.5,4,"Comedy, Romance",,Neither,Collin,https://www.imdb.com/title/tt1007028/,"October 20, 2008"
The Mask,Watched,"April 11, 2024",7,9.5,Comedy,,"Collin, Valerie",Valerie,https://www.imdb.com/title/tt0110475/,"July 29, 1994"
Billy Madison,Watched,"April 10, 2024",9,7.5,Comedy,,Collin,Collin,https://www.imdb.com/title/tt0112508/,"October 2, 1995"
Willy Wonka and the Chocolate Factory,Watched,"March 15, 2024",8.5,8.5,"Family, Musical",,"Collin, Valerie","Collin, Valerie",https://www.imdb.com/title/tt0067992/,"June 30, 1971"
The Out-Laws,Watched,"March 14, 2024",4,4,Comedy,Netflix,Neither,Valerie,https://www.imdb.com/title/tt11274492/,"July 7, 2023"
Amadeus [Extended Cut],Watched,"March 1, 2024",6,8.5,"Drama, Musical",Torrent,Valerie,Valerie,https://www.imdb.com/title/tt0086879/,"September 19, 1984"
The Suicide Squad,Watched,"February 20, 2024",6.5,5,"Action, Comedy",Max,Collin,Collin,https://www.imdb.com/title/tt6334354/,"July 30, 2021"
The Lorax,Watched,"February 9, 2024",4,6,"Drama, Family",,Valerie,Valerie,https://www.imdb.com/title/tt1482459/?ref_=nv_sr_srsg_0_tt_4_nm_4_in_0_q_lorax,"February 19, 2012"
Castaway on the Moon,Watched,"February 6, 2024",8.5,8.5,Drama,Torrent,Collin,Collin,https://www.imdb.com/title/tt1499666/,"February 5, 2010"
Sweeney Todd,Watched,"February 4, 2024",5,8,"Musical, Thriller",Torrent,Valerie,Valerie,https://www.imdb.com/title/tt0408236/,"December 3, 2007"
Date Night,Watched,"January 31, 2024",4,6,Comedy,Max,Valerie,Valerie,https://www.imdb.com/title/tt1279935/,"April 6, 2010"
Madea Goes to Jail,Watched,"January 28, 2024",7,6,"Comedy, Drama",Torrent,Valerie,Valerie,https://www.imdb.com/title/tt1142800/,"February 16, 2009"
World’s Greatest Dad,Watched,"January 20, 2024",6,6,Drama,Hulu,Collin,Collin,https://www.imdb.com/title/tt1262981/,"January 18, 2009"
Django Unchained,Watched,"January 20, 2024",7.5,9,Drama,Torrent,Valerie,Collin,https://www.imdb.com/title/tt1853728/,"December 11, 2012"
Donnie Darko,Watched,"January 5, 2024",7.5,7.5,Bizarro,Torrent,Collin,Collin,https://www.imdb.com/title/tt0246578/,"January 19, 2001"
Minions,Watched,"January 3, 2024",6,6,"Comedy, Family",Netflix,Valerie,Valerie,https://www.imdb.com/title/tt2293640/,"June 18, 2015"
Treasure Planet,Watched,"January 2, 2024",6.5,9,"Action, Family",Disney +,Valerie,Valerie,https://www.imdb.com/title/tt0133240/,"November 17, 2002"
Horrible Bosses 2,Watched,"December 30, 2023",6,3,Comedy,Torrent,Collin,Collin,https://www.imdb.com/title/tt2170439/,"November 26, 2014"
Encanto,Watched,"December 28, 2023",7,4,"Family, Musical",Disney +,Valerie,Valerie,https://www.imdb.com/title/tt2953050/,"November 3, 2021"
Submarine,Watched,"December 27, 2023",6,6.5,"Comedy, Drama",Torrent,Collin,Collin,https://www.imdb.com/title/tt1440292/,"January 1, 2011"
Diary of a Mad Black Woman,Watched,"December 26, 2023",8,8,"Comedy, Drama",Torrent,Valerie,Valerie,https://www.imdb.com/title/tt0422093/,"February 25, 2005"
Mean Girls,Watched,"December 14, 2023",8,8,Comedy,Torrent,"Collin, Valerie","Collin, Valerie",https://www.imdb.com/title/tt0377092/,"April 30, 2004"
Dreamgirls,Watched,"December 11, 2023",9,9.5,"Drama, Musical",Torrent,Valerie,Valerie,https://www.imdb.com/title/tt0443489/,"December 15, 2006"
The Rocker,Watched,"December 8, 2023",5.5,5,"Comedy, Musical",Torrent,Collin,Collin,https://www.imdb.com/title/tt1031969/,"August 20, 2008"
Black is King,Watched,"December 6, 2023",4,6.5,"Bizarro, Musical",Disney +,Valerie,Valerie,https://www.imdb.com/title/tt12607910/,"July 31, 2020"
The 40 Year-Old Virgin,Watched,"November 28, 2023",7.5,6,"Comedy, Stoner",Prime Video,Collin,Collin,https://www.imdb.com/title/tt0405422/,"August 19, 2005"
The Great Muppet Caper,Watched,"November 26, 2023",7.5,7.5,"Comedy, Family",Disney +,Valerie,Valerie,https://www.imdb.com/title/tt0082474/,"June 26, 1981"
Chronicle,Watched,"November 18, 2023",8,8,"Bizarro, Drama",Torrent,Collin,Collin,https://www.imdb.com/title/tt1706593/,"February 1, 2012"
SpongeBob: Sponge Out of Water,Watched,"November 16, 2023",7.5,7,"Comedy, Family",Prime Video,Neither,"Collin, Valerie",https://www.imdb.com/title/tt2279373/,"February 6, 2015"
Prince of Egypt,Watched,"November 16, 2023",7.5,9.5,"Drama, Family",Torrent,Valerie,Valerie,https://www.imdb.com/title/tt0120794/,"December 16, 1998"
Big Top Pee Wee,Watched,"November 15, 2023",7.5,7.5,"Comedy, Family",Torrent,Collin,Collin,https://www.imdb.com/title/tt0094744/,"July 22, 1988"
Nacho Libre,Watched,"November 11, 2023",7.5,9,"Comedy, Family",Torrent,Valerie,Valerie,https://www.imdb.com/title/tt0457510/,"June 16, 2006"
Coco,Watched,"November 8, 2023",7,8.5,"Family, Musical",Disney +,Valerie,Valerie,https://www.imdb.com/title/tt2380307/,"November 22, 2017"
Whiplash,Watched,"November 7, 2023",9,9,"Drama, Musical",Torrent,Valerie,Valerie,https://www.imdb.com/title/tt2582802/,"October 10, 2014"
Five Nights At Freddy’s,Watched,"November 1, 2023",4.5,5,"Action, Family",Prime Video,Neither,Valerie,https://www.imdb.com/title/tt4589218/,"October 25, 2023"
Wayne’s World,Watched,"October 23, 2023",7.5,7,"Comedy, Stoner",Torrent,"Collin, Valerie",Collin,https://www.imdb.com/title/tt0105793/,"February 14, 1992"
Holes,Watched,"October 21, 2023",8,9,"Comedy, Family",Disney +,"Collin, Valerie",Valerie,https://www.imdb.com/title/tt0311289/,"April 11, 2003"
Don’t Look Up,Watched,"October 18, 2023",8,6,"Comedy, Drama",Netflix,Collin,Collin,https://www.imdb.com/title/tt11286314/,"December 8, 2021"
Corpse Bride,Watched,"October 17, 2023",7,8.5,Musical,Torrent,Valerie,Valerie,https://www.imdb.com/title/tt0121164/,"September 16, 2005"
Liar Liar,Watched,"October 16, 2023",6.5,6.5,Comedy,Netflix,Collin,Collin,https://www.imdb.com/title/tt0119528/,"March 21, 1997"
What We Do In The Shadows,Watched,"October 14, 2023",4,7.5,Comedy,Torrent,Valerie,Valerie,https://www.imdb.com/title/tt3416742/,"February 13, 2015"
Matilda,Watched,"October 13, 2023",8,8,"Comedy, Family",Netflix,Collin,Collin,https://www.imdb.com/title/tt0117008/,"August 2, 1996"
Idiocracy,Watched,"October 10, 2023",7,7.5,Comedy,Prime Video,Collin,Collin,https://www.imdb.com/title/tt0387808/,"September 1, 2006"
Garfield: A Tail of Two Kitties,Watched,"September 27, 2023",3,4,"Comedy, Family",Disney +,Valerie,Valerie,https://www.imdb.com/title/tt0455499/,"June 16, 2006"
The Road To El Dorado,Watched,"September 13, 2023",8,8.5,"Family, Musical",Disney +,"Collin, Valerie","Collin, Valerie",https://www.imdb.com/title/tt0138749/,"March 31, 2000"
Spy Kids 3,Watched,"September 8, 2023",6,6.5,"Comedy, Family",Torrent,"Collin, Valerie",Valerie,https://www.imdb.com/title/tt0338459/,"July 25, 2003"
Horrible Bosses,Watched,"September 6, 2023",6.5,4,Comedy,Torrent,Collin,Collin,https://www.imdb.com/title/tt1499658/,"July 8, 2011"
Ratatouille,Watched,"August 27, 2023",8.5,10,Drama,Disney +,Valerie,Valerie,https://www.imdb.com/title/tt0382932/,"June 27, 2007"
The Jerk,Watched,"August 25, 2023",8.5,,"Classic, Comedy",Torrent,Collin,Collin,https://www.imdb.com/title/tt0079367/,"December 14, 1979"
How to Train Your Dragon,Watched,"August 23, 2023",7,8.5,Action,Torrent,Valerie,Valerie,https://www.imdb.com/title/tt0892769/,"March 18, 2010"
Fruitvale Station,Watched,"August 21, 2023",8.5,8.5,Drama,Torrent,Collin,Collin,https://www.imdb.com/title/tt2334649/,"July 12, 2013"
Spy Kids 2,Watched,"August 19, 2023",7,9,"Comedy, Family",Torrent,Valerie,Valerie,https://www.imdb.com/title/tt0287717/,"September 2, 2002"
Once Upon A Time in Hollywood,Watched,"August 15, 2023",8.5,6,Drama,Hulu,Collin,Collin,https://www.imdb.com/title/tt7131622/,"July 22, 2019"
The Girl With the Dragon Tattoo,Watched,"August 9, 2023",8,9.5,"Mystery, Thriller",Torrent,Collin,Collin,https://www.imdb.com/title/tt1568346/,"December 14, 2011"
Nimona,Watched,"August 8, 2023",8.5,9,Action,Netflix,Valerie,Valerie,https://www.imdb.com/title/tt19500164/,"June 23, 2023"
Spy Kids,Watched,"August 6, 2023",5.5,7,"Comedy, Family",Torrent,Valerie,Valerie,https://www.imdb.com/title/tt0227538/,"March 30, 2001"
The Wedding Singer,Watched,"August 1, 2023",6,7,"Comedy, Romance",Torrent,Valerie,Valerie,https://www.imdb.com/title/tt0120888/,"February 13, 1998"
The Conjuring 2,Not started,,,,Horror,,,,https://www.imdb.com/title/tt3065204/?ref_=nv_sr_srsg_0_tt_8_nm_0_in_0_q_the%2520conjuring%25202,"June 7, 2016"
Out of My Mind,Not started,,,,,,,,,
Nightmare on Elm Street,Not started,,,,Horror,Max,Neither,,https://www.imdb.com/title/tt0087800/,"November 16, 1984"
Friday the 13th: The Final Chapter,Not started,,,,Horror,Max,Neither,,https://www.imdb.com/title/tt0087298/,"April 13, 1984"
Hellboy,Not started,,,,"Action, Adventure",AMC+,Neither,,https://www.imdb.com/title/tt0167190/,"April 2, 2004"
Big Fat Liar,Not started,,,,"Adventure, Comedy, Family",Netflix,"Collin, Valerie",,https://www.imdb.com/title/tt0265298/,"February 2, 2002"
My Old Ass,Not started,,,,Comedy,Theater,Neither,,https://www.imdb.com/title/tt18559464/,"September 13, 2024"
Captain America: Brave New World,Not started,,,,"Action, Adventure",Theater,,,https://www.imdb.com/title/tt14513804/,"February 12, 2025"
Heretic,Not started,,,,"Horror, Thriller",Theater,Neither,,https://www.imdb.com/title/tt28015403/,"October 24, 2024"
Bird Box Barcelona,Not started,,,,"Horror, Thriller",Netflix,Neither,,https://www.imdb.com/title/tt14400246/,"July 14, 2023"
His Three Daughters,Not started,,,,Drama,Netflix,Neither,,https://www.imdb.com/title/tt28491891/,"September 6, 2023"
The Last Unicorn,Not started,,,,"Adventure, Fantasy",Youtube,Valerie,,https://www.imdb.com/title/tt0084237/,"November 19, 1982"
Beavis and Butthead Do America,Not started,,,,Comedy,Youtube,Neither,,https://www.imdb.com/title/tt0115641/,"December 20, 1996"
My Girl,Not started,,,,"Drama, Family",Youtube,Collin,,https://www.imdb.com/title/tt0102492/,"November 27, 1991"
How High,Not started,,,,"Comedy, Stoner",Tubi,Neither,,https://www.imdb.com/title/tt0278488/,"December 17, 2001"
8 Mile,Not started,,,,Drama,Tubi,Neither,,https://www.imdb.com/title/tt0298203/,"November 8, 2002"
Jennifer’s Body,Not started,,,,"Comedy, Horror",Tubi,Neither,,https://www.imdb.com/title/tt1131734/,"September 18, 2009"
Scream 2,Not started,,,,"Horror, Mystery",Max,Neither,,https://www.imdb.com/title/tt0120082/,"December 10, 1997"
Conan the Barbarian,Not started,,,,Action,Netflix,Neither,,https://www.imdb.com/title/tt0082198/,"May 14, 1982"
Black Panther: Wakanda Forever,Not started,,,,"Action, Adventure",Disney +,Neither,,https://www.imdb.com/title/tt9114286/,"November 9, 2022"
Mad Max: Furiosa,Not started,,,,"Action, Adventure",Max,Neither,,https://www.imdb.com/title/tt12037194/,"May 22, 2024"
Mad Max: Fury Road,Not started,,,,"Action, Adventure",Max,Neither,,https://www.imdb.com/title/tt1392190/,"May 13, 2015"
Pretty Woman,Not started,,,,"Classic, Comedy",To Torrent,Neither,,https://www.imdb.com/title/tt0100405/,"March 23, 1990"
Madoka Magicka: The Movie,Not started,,,,"Bizarro, Drama",To Torrent,Valerie,,https://www.imdb.com/title/tt2205948/,"October 19, 2012"
Total Recall,Not started,,,,"Action, Adventure, Classic, Sci-Fi",Youtube,Neither,,https://www.imdb.com/title/tt0100802/,"June 1, 1990"
10 Things I Hate About You,Not started,,,,"Comedy, Drama, Romance",Youtube,"Collin, Valerie",,https://www.imdb.com/title/tt0147800/,"March 31, 1999"
Mean Girls (2024),Not started,,,,"Comedy, Musical",Prime Video,Neither,,https://www.imdb.com/title/tt11762114/,"January 10, 2024"
Nope,Not started,,,,Horror,To Torrent,Neither,,https://www.imdb.com/title/tt10954984/,"July 22, 2022"
Hellboy: Sword of Storms,Not started,,,,"Action, Adventure",Prime Video,Neither,,https://www.imdb.com/title/tt0810895/,"October 28, 2006"
BASEketball,Not started,,,,Comedy,To Torrent,Neither,,https://www.imdb.com/title/tt0131857/,"July 31, 1998"
Smile,Not started,,,,"Horror, Mystery",Prime Video,Neither,,https://www.imdb.com/title/tt15474916/,"September 22, 2022"
Borat Subsequent Movie Film,Not started,,,,"Bizarro, Comedy",Prime Video,Neither,,https://www.imdb.com/title/tt13143964/,"October 23, 2020"
The Batman,Not started,,,,"Action, Drama",Max,Neither,,https://www.imdb.com/title/tt1877830/,"March 1, 2022"
The Tale of the Princess Kaguya,Not started,,,,Family,Max,Neither,,https://www.imdb.com/title/tt2576852/,"October 17, 2014"
Life After Beth,Not started,,,,"Comedy, Horror",Max,Neither,,https://www.imdb.com/title/tt2581244/,"July 15, 2014"
Moonage Daydream,Not started,,,,Musical,Max,Neither,,https://www.imdb.com/title/tt9883832/,"April 29, 2023"
American Pain,Not started,,,,Documentary,Max,Neither,,https://www.imdb.com/title/tt19781504/,"February 5, 2023"
Scoob!,Not started,,,,"Family, Mystery",Max,Neither,,https://www.imdb.com/title/tt3152592/,"May 15, 2020"
The Spongebob Squarepants Movie,Not started,,,,"Comedy, Family",Max,"Collin, Valerie",,https://www.imdb.com/title/tt0345950/,"November 19, 2004"
The Secret World of Arrietty,Not started,,,,"Adventure, Drama, Family",Max,Neither,,https://www.imdb.com/title/tt1568921/,"February 17, 2012"
The Wind Rises,Not started,,,,Drama,Max,Neither,,https://www.imdb.com/title/tt2013293/,"February 21, 2014"
The Watch,Not started,,,,Comedy,To Torrent,Neither,,https://www.imdb.com/title/tt1298649/,"July 27, 2012"
Get Him to the Greek,Not started,,,,"Comedy, Drama",To Torrent,Neither,,https://www.imdb.com/title/tt1226229/,"May 25, 2010"
Arkansas,Not started,,,,"Drama, Thriller",To Torrent,Neither,,https://www.imdb.com/title/tt9139586/,"May 5, 2020"
The Sandlot,Not started,,,,"Comedy, Drama, Family",Hulu,Valerie,,https://www.imdb.com/title/tt0108037/,"April 7, 1993"
Fool’s Paradise,Not started,,,,Comedy,Hulu,Neither,,https://www.imdb.com/title/tt9013340/,"May 12, 2023"
The Retirement Plan,Not started,,,,"Action, Comedy",Hulu,Neither,,https://www.imdb.com/title/tt14827638/,"September 15, 2023"
Self Reliance,Not started,,,,Comedy,Hulu,Neither,,https://www.imdb.com/title/tt26084002/,"January 3, 2024"
My Cousin Vinny,Not started,,,,"Classic, Comedy",Hulu,Neither,,https://www.imdb.com/title/tt0104952/,"March 13, 1992"
Freaknik: The Wildest Party Never Told,Not started,,,,Documentary,Hulu,Neither,,https://www.imdb.com/title/tt27447224/,"March 21, 2024"
The Big Year,Not started,,,,"Adventure, Comedy",Hulu,Neither,,https://www.imdb.com/title/tt1053810/,"October 14, 2011"
Big,Not started,,,,"Comedy, Drama",Hulu,Neither,,https://www.imdb.com/title/tt0094737/,"June 3, 1988"
Solo,Not started,,,,"Action, Sci-Fi",Disney +,Valerie,,https://www.imdb.com/title/tt3778644/,"May 23, 2018"
Shrek the Third,Not started,,,,"Comedy, Family",Peacock,"Collin, Valerie",,https://www.imdb.com/title/tt0413267/,"May 17, 2007"
Won’t You Be My Neighbor?,Not started,,,,"Documentary, Family",Netflix,Neither,,https://www.imdb.com/title/tt7681902/,"June 29, 2018"
Maestro,Not started,,,,Drama,Netflix,Neither,,https://www.imdb.com/title/tt5535276/,"October 15, 2023"
El Camino,Not started,,,,"Action, Drama, Thriller",Netflix,Neither,,https://www.imdb.com/title/tt9243946/,"October 11, 2019"
Spider-Man: Across the Spider-Verse,Not started,,,,"Action, Comedy",Netflix,Neither,,https://www.imdb.com/title/tt9362722/,"May 31, 2023"
Hot Tub Time Machine,Not started,,,,"Comedy, Sci-Fi, Stoner",Netflix,Neither,,https://www.imdb.com/title/tt1231587/,"March 26, 2010"
Dumb and Dumber,Not started,,,,Comedy,Netflix,"Collin, Valerie",,https://www.imdb.com/title/tt0109686/,"December 16, 1994"
Knocked Up,Not started,,,,"Comedy, Romance",Netflix,Neither,,https://www.imdb.com/title/tt0478311/,"June 1, 2007"
Murder Mystery,Not started,,,,"Comedy, Mystery",Netflix,Neither,,https://www.imdb.com/title/tt1618434/,"June 14, 2019"
How to Marry A Millionaire,Not started,,,,"Classic, Comedy, Romance",To Torrent,Valerie,,https://imdb.com/title/tt0045891/,"November 20, 1953"
Selena,Not started,,,,"Classic, Drama, Musical",Tubi,Valerie,,https://imdb.com/title/tt0120094/,"March 21, 1997"
Shanghai Noon,Not started,,,,"Action, Comedy",Hulu,Collin,,https://imdb.com/title/tt0184894/,"May 26, 2000"
One Flew Over the Cuckoos Nest,Not started,,,,"Classic, Drama",To Torrent,Collin,,https://imdb.com/title/tt0073486/,"November 19, 1975"
Brother Bear,Not started,,,,Family,Disney +,Valerie,,https://imdb.com/title/tt0328880/,"September 21, 2003"
Slumdog Millionaire,Not started,,,,"Drama, Romance",To Torrent,Valerie,,https://www.imdb.com/title/tt1010048/,"December 25, 2008"
Happy Feet,Not started,,,,"Comedy, Family",To Torrent,Valerie,,https://imdb.com/title/tt0366548/,"November 12, 2006"
God Bless America,Not started,,,,"Action, Comedy",To Torrent,Collin,,https://www.imdb.com/title/tt1912398/,"May 11, 2012"
Seeking a Friend for the End of the World,Not started,,,,"Comedy, Drama",To Torrent,Valerie,,https://www.imdb.com/title/tt1307068/,"June 22, 2012"
Sound of Music [Abridged],Not started,,,,"Drama, Musical",Disney +,Valerie,,https://www.imdb.com/title/tt0059742/,"April 1, 1965"
Guardians of the Galaxy Vol. 2,Not started,,,,"Action, Adventure, Comedy",Disney +,Collin,,https://www.imdb.com/title/tt3896198/,"April 25, 2017"
27 Dresses,Not started,,,,"Comedy, Romance",Disney +,Valerie,,https://www.imdb.com/title/tt0988595/,"January 18, 2008"
Resevoir Dogs,Not started,,,,"Action, Classic",Torrent,Collin,,https://www.imdb.com/title/tt0105236/,"October 23, 1992"
9 to 5,Not started,,,,Comedy,To Torrent,Valerie,,https://www.imdb.com/title/tt0080319/,"December 19, 1980"
Steel Magnolias,Not started,,,,"Comedy, Drama",To Torrent,Valerie,,https://www.imdb.com/title/tt0098384/,"November 15, 1989"
School of Rock,Not started,,,,"Comedy, Family, Musical",Paramount+,"Collin, Valerie",,https://www.imdb.com/title/tt0332379/,"October 3, 2003"
Train to Busan,Not started,,,,"Action, Thriller",Youtube,Valerie,,https://www.imdb.com/title/tt5700672/,"July 22, 2016"
Knives Out,Not started,,,,"Comedy, Drama, Mystery",Torrent,Valerie,,https://www.imdb.com/title/tt8946378/,"November 27, 2019"
Titanic,Not started,,,,"Classic, Romance",Paramount+,Valerie,,https://www.imdb.com/title/tt0120338/,"December 14, 1997"
Jumanji,Not started,,,,"Adventure, Classic, Comedy",Netflix,"Collin, Valerie",,https://www.imdb.com/title/tt0113497/,"December 15, 1995"
Young Frankenstein,Not started,,,,Comedy,Prime Video,Valerie,,https://www.imdb.com/title/tt0072431/,"December 15, 1974"
Koyaanisqatsi,Not started,,,,"Bizarro, Documentary",Prime Video,Collin,,https://imdb.com/title/tt0085809/,"April 27, 1982"