Name,Status,Completed,Collin Rating,Valerie Rating,Genre,Source,Previously Seen By,Chosen By,imdb,Release Date,imdb_id,extra_info,tmdb_id,summary,adult,genre_ids,popularity,vote_average,vote_count
Us,Watched,"October 6, 2024",8.5,8.0,"Horror, Thriller",Peacock,Neither,Collin,https://www.imdb.com/title/tt6857112/,"March 22, 2019",tt6857112,"{'tmdb_id': 458723, 'summary': 'Husband and wife Gabe and Adelaide Wilson take their kids to their beach house expecting to unplug and unwind with friends. But as night descends, their serenity turns to tension and chaos when some shocking visitors arrive uninvited.', 'adult': False, 'genre_ids': [27, 53], 'popularity': 35.044, 'vote_average': 7.0, 'vote_count': 7257}",458723,"Husband and wife Gabe and Adelaide Wilson take their kids to their beach house expecting to unplug and unwind with friends. But as night descends, their serenity turns to tension and chaos when some shocking visitors arrive uninvited.",False,"[27, 53]",35.044,7.0,7257
Annabelle,Watched,"October 6, 2024",3.5,4.0,Horror,Netflix,Valerie,Valerie,https://www.imdb.com/title/tt3322940/,"October 1, 2014",tt3322940,"{'tmdb_id': 250546, 'summary': 'A couple begins to experience terrifying supernatural occurrences involving a vintage doll shortly after their home is invaded by satanic cultists.', 'adult': False, 'genre_ids': [27], 'popularity': 64.794, 'vote_average': 5.77, 'vote_count': 6044}",250546,A couple begins to experience terrifying supernatural occurrences involving a vintage doll shortly after their home is invaded by satanic cultists.,False,[27],64.794,5.77,6044
Up in the Air,Watched,"September 30, 2024",5.0,5.5,"Drama, Romance",Max,Collin,Collin,https://www.imdb.com/title/tt1193138/,"December 4, 2009",tt1193138,"{'tmdb_id': 22947, 'summary': 'Corporate downsizing expert Ryan Bingham spends his life in planes, airports, and hotels, but just as he’s about to reach a milestone of ten million frequent flyer miles, he meets a woman who causes him to rethink his transient life.', 'adult': False, 'genre_ids': [18, 10749], 'popularity': 19.648, 'vote_average': 6.9, 'vote_count': 3575}",22947,"Corporate downsizing expert Ryan Bingham spends his life in planes, airports, and hotels, but just as he’s about to reach a milestone of ten million frequent flyer miles, he meets a woman who causes him to rethink his transient life.",False,"[18, 10749]",19.648,6.9,3575
The Conjuring,Watched,"September 29, 2024",6.0,7.0,Horror,Netflix,Valerie,Valerie,https://www.imdb.com/title/tt1457767/,"July 18, 2013",tt1457767,"{'tmdb_id': 138843, 'summary': 'Paranormal investigators Ed and Lorraine Warren work to help a family terrorized by a dark presence in their farmhouse. Forced to confront a powerful entity, the Warrens find themselves caught in the most terrifying case of their lives.', 'adult': False, 'genre_ids': [27, 53], 'popularity': 143.517, 'vote_average': 7.5, 'vote_count': 11437}",138843,"Paranormal investigators Ed and Lorraine Warren work to help a family terrorized by a dark presence in their farmhouse. Forced to confront a powerful entity, the Warrens find themselves caught in the most terrifying case of their lives.",False,"[27, 53]",143.517,7.5,11437
A Quiet Place,Watched,"September 26, 2024",7.5,8.5,"Horror, Thriller",Paramount+,Collin,Collin,https://imdb.com/title/tt6644200/,"April 2, 2018",tt6644200,"{'tmdb_id': 447332, 'summary': 'A family is forced to live in silence while hiding from creatures that hunt by sound.', 'adult': False, 'genre_ids': [27, 18, 878], 'popularity': 96.357, 'vote_average': 7.4, 'vote_count': 14058}",447332,A family is forced to live in silence while hiding from creatures that hunt by sound.,False,"[27, 18, 878]",96.357,7.4,14058
Bird Box,Watched,"September 25, 2024",9.0,8.5,"Horror, Thriller",Netflix,Valerie,Valerie,https://www.imdb.com/title/tt2737304/,"December 13, 2018",tt2737304,"{'tmdb_id': 405774, 'summary': 'Five years after an ominous unseen presence drives most of society to suicide, a survivor and her two children make a desperate bid to reach safety.', 'adult': False, 'genre_ids': [27, 53, 18], 'popularity': 50.878, 'vote_average': 6.838, 'vote_count': 9835}",405774,"Five years after an ominous unseen presence drives most of society to suicide, a survivor and her two children make a desperate bid to reach safety.",False,"[27, 53, 18]",50.878,6.838,9835
Sonic the Hedgehog 2,Watched,"September 22, 2024",7.5,7.0,"Adventure, Family",Paramount+,Neither,"Collin, Zach",https://www.imdb.com/title/tt12412888/,"March 31, 2022",tt12412888,"{'tmdb_id': 675353, 'summary': 'After settling in Green Hills, Sonic is eager to prove he has what it takes to be a true hero. His test comes when Dr. Robotnik returns, this time with a new partner, Knuckles, in search for an emerald that has the power to destroy civilizations. Sonic teams up with his own sidekick, Tails, and together they embark on a globe-trotting journey to find the emerald before it falls into the wrong hands.', 'adult': False, 'genre_ids': [28, 12, 10751, 35], 'popularity': 177.773, 'vote_average': 7.5, 'vote_count': 4932}",675353,"After settling in Green Hills, Sonic is eager to prove he has what it takes to be a true hero. His test comes when Dr. Robotnik returns, this time with a new partner, Knuckles, in search for an emerald that has the power to destroy civilizations. Sonic teams up with his own sidekick, Tails, and together they embark on a globe-trotting journey to find the emerald before it falls into the wrong hands.",False,"[28, 12, 10751, 35]",177.773,7.5,4932
Uglies,Watched,"September 21, 2024",4.0,4.5,Adventure,Netflix,Neither,"Collin, Valerie",https://www.imdb.com/title/tt13186604/,"September 13, 2024",tt13186604,"{'tmdb_id': 748167, 'summary': 'In a futuristic dystopia with enforced beauty standards, a teen awaiting mandatory cosmetic surgery embarks on a journey to find her missing friend.', 'adult': False, 'genre_ids': [878, 12, 28], 'popularity': 92.208, 'vote_average': 5.922, 'vote_count': 547}",748167,"In a futuristic dystopia with enforced beauty standards, a teen awaiting mandatory cosmetic surgery embarks on a journey to find her missing friend.",False,"[878, 12, 28]",92.208,5.922,547
Hubie Halloween,Watched,"September 18, 2024",6.0,5.0,"Adventure, Comedy, Horror",Netflix,Neither,Collin,https://www.imdb.com/title/tt10682266/,"October 7, 2020",tt10682266,"{'tmdb_id': 617505, 'summary': 'Hubie Dubois, despite his devotion to his hometown of Salem, Massachusetts (and its legendary Halloween celebration), is a figure of mockery for kids and adults alike. But this year, something really is going bump in the night, and it’s up to Hubie to save Halloween.', 'adult': False, 'genre_ids': [35, 9648, 27], 'popularity': 28.863, 'vote_average': 5.9, 'vote_count': 1597}",617505,"Hubie Dubois, despite his devotion to his hometown of Salem, Massachusetts (and its legendary Halloween celebration), is a figure of mockery for kids and adults alike. But this year, something really is going bump in the night, and it’s up to Hubie to save Halloween.",False,"[35, 9648, 27]",28.863,5.9,1597
Juno,Watched,"September 16, 2024",5.5,5.5,"Comedy, Drama",Hulu,Neither,"Valerie, Yasmin",https://www.imdb.com/title/tt0467406/,"December 25, 2007",tt0467406,"{'tmdb_id': 7326, 'summary': 'Faced with an unplanned pregnancy, sixteen year old high-schooler, Juno MacGuff, makes an unusual decision regarding her unborn child.', 'adult': False, 'genre_ids': [35, 18, 10749], 'popularity': 21.431, 'vote_average': 7.054, 'vote_count': 7095}",7326,"Faced with an unplanned pregnancy, sixteen year old high-schooler, Juno MacGuff, makes an unusual decision regarding her unborn child.",False,"[35, 18, 10749]",21.431,7.054,7095
Sonic the Hedgehog,Watched,"September 15, 2024",7.0,6.5,"Adventure, Comedy, Family",Paramount+,Neither,"Collin, Zach",https://www.imdb.com/title/tt3794354/,"February 12, 2020",tt3794354,"{'tmdb_id': 454626, 'summary': 'Powered with incredible speed, Sonic The Hedgehog embraces his new home on Earth. That is, until Sonic sparks the attention of super-uncool evil genius Dr. Robotnik. Now it’s super-villain vs. super-sonic in an all-out race across the globe to stop Robotnik from using Sonic’s unique power for world domination.', 'adult': False, 'genre_ids': [28, 878, 35, 10751], 'popularity': 79.773, 'vote_average': 7.318, 'vote_count': 9434}",454626,"Powered with incredible speed, Sonic The Hedgehog embraces his new home on Earth. That is, until Sonic sparks the attention of super-uncool evil genius Dr. Robotnik. Now it’s super-villain vs. super-sonic in an all-out race across the globe to stop Robotnik from using Sonic’s unique power for world domination.",False,"[28, 878, 35, 10751]",79.773,7.318,9434
Tangled,Watched,"September 9, 2024",8.0,8.5,"Adventure, Family",Disney +,"Collin, Valerie",Collin,https://www.imdb.com/title/tt0398286/,"November 24, 2010",tt0398286,"{'tmdb_id': 38757, 'summary': ""Feisty teenager Rapunzel, who has long and magical hair, wants to go and see sky lanterns on her eighteenth birthday, but she's bound to a tower by her overprotective mother. She strikes a deal with Flynn Rider, a charming wanted thief, and the duo set off on an action-packed escapade."", 'adult': False, 'genre_ids': [16, 10751], 'popularity': 118.79, 'vote_average': 7.606, 'vote_count': 11360}",38757,"Feisty teenager Rapunzel, who has long and magical hair, wants to go and see sky lanterns on her eighteenth birthday, but she's bound to a tower by her overprotective mother. She strikes a deal with Flynn Rider, a charming wanted thief, and the duo set off on an action-packed escapade.",False,"[16, 10751]",118.79,7.606,11360
Lisa Frankenstein,Watched,"September 8, 2024",7.5,8.0,"Comedy, Horror, Romance",Peacock,Neither,Valerie,https://www.imdb.com/title/tt21188080/,"February 8, 2024",tt21188080,"{'tmdb_id': 993784, 'summary': 'In 1989, a misunderstood teenager has a high school crush — who just happens to be a handsome corpse! After a set of playfully horrific circumstances bring him back to life, the two embark on a murderous journey to find love, happiness…and a few missing body parts along the way.', 'adult': False, 'genre_ids': [35, 27, 10749], 'popularity': 31.95, 'vote_average': 6.3, 'vote_count': 340}",993784,"In 1989, a misunderstood teenager has a high school crush — who just happens to be a handsome corpse! After a set of playfully horrific circumstances bring him back to life, the two embark on a murderous journey to find love, happiness…and a few missing body parts along the way.",False,"[35, 27, 10749]",31.95,6.3,340
Beetlejuice Beetlejuice,Watched,"September 7, 2024",8.0,8.0,Comedy,Theater,Neither,"Collin, Valerie, Zach",https://www.imdb.com/title/tt2049403/,"September 6, 2024",tt2049403,"{'tmdb_id': 917496, 'summary': ""After a family tragedy, three generations of the Deetz family return home to Winter River. Still haunted by Betelgeuse, Lydia's life is turned upside down when her teenage daughter, Astrid, accidentally opens the portal to the Afterlife."", 'adult': False, 'genre_ids': [35, 14, 27], 'popularity': 2059.319, 'vote_average': 7.2, 'vote_count': 1449}",917496,"After a family tragedy, three generations of the Deetz family return home to Winter River. Still haunted by Betelgeuse, Lydia's life is turned upside down when her teenage daughter, Astrid, accidentally opens the portal to the Afterlife.",False,"[35, 14, 27]",2059.319,7.2,1449
Beetlejuice,Watched,"September 6, 2024",8.0,7.0,Comedy,Max,"Collin, Valerie",Valerie,https://www.imdb.com/title/tt0094721/,"March 29, 1988",tt0094721,"{'tmdb_id': 4011, 'summary': 'A newly dead New England couple seeks help from a deranged demon exorcist to scare an affluent New York family out of their home.', 'adult': False, 'genre_ids': [14, 35], 'popularity': 351.442, 'vote_average': 7.382, 'vote_count': 7364}",4011,A newly dead New England couple seeks help from a deranged demon exorcist to scare an affluent New York family out of their home.,False,"[14, 35]",351.442,7.382,7364
Birdman or (The Unexpected Virtue of Ignorance),Watched,"September 6, 2024",8.5,9.5,"Bizarro, Drama",To Torrent,Collin,Collin,https://imdb.com/title/tt2562232/,"November 14, 2014",tt2562232,"{'tmdb_id': 194662, 'summary': 'A fading actor best known for his portrayal of a popular superhero attempts to mount a comeback by appearing in a Broadway play. As opening night approaches, his attempts to become more altruistic, rebuild his career, and reconnect with friends and family prove more difficult than expected.', 'adult': False, 'genre_ids': [18, 35], 'popularity': 43.995, 'vote_average': 7.466, 'vote_count': 12706}",194662,"A fading actor best known for his portrayal of a popular superhero attempts to mount a comeback by appearing in a Broadway play. As opening night approaches, his attempts to become more altruistic, rebuild his career, and reconnect with friends and family prove more difficult than expected.",False,"[18, 35]",43.995,7.466,12706
Trap,Watched,"September 3, 2024",5.5,5.0,Thriller,Theater,Neither,Karmen,https://www.imdb.com/title/tt26753003/,"August 1, 2024",tt26753003,"{'tmdb_id': 1032823, 'summary': ""A father and teen daughter attend a pop concert, where they realize they're at the center of a dark and sinister event."", 'adult': False, 'genre_ids': [53, 80, 27], 'popularity': 255.649, 'vote_average': 6.5, 'vote_count': 1346}",1032823,"A father and teen daughter attend a pop concert, where they realize they're at the center of a dark and sinister event.",False,"[53, 80, 27]",255.649,6.5,1346
Ruby Gillman: Teenage Kraken,Watched,"September 1, 2024",7.5,5.0,"Comedy, Family",Netflix,Neither,Collin,https://www.imdb.com/title/tt27155038/',"June 30, 2023",tt27155038,"{'tmdb_id': 1040148, 'summary': ""Ruby Gillman, a sweet and awkward high school student, discovers she's a direct descendant of the warrior kraken queens. The kraken are sworn to protect the oceans of the world against the vain, power-hungry mermaids. Destined to inherit the throne from her commanding grandmother, Ruby must use her newfound powers to protect those she loves most."", 'adult': False, 'genre_ids': [16, 10751, 14, 35], 'popularity': 73.225, 'vote_average': 7.259, 'vote_count': 957}",1040148,"Ruby Gillman, a sweet and awkward high school student, discovers she's a direct descendant of the warrior kraken queens. The kraken are sworn to protect the oceans of the world against the vain, power-hungry mermaids. Destined to inherit the throne from her commanding grandmother, Ruby must use her newfound powers to protect those she loves most.",False,"[16, 10751, 14, 35]",73.225,7.259,957
Pleasantville,Watched,"August 24, 2024",7.0,8.0,"Comedy, Drama",Youtube,Neither,Valerie,https://www.imdb.com/title/tt0120789/,"October 23, 1998",tt0120789,"{'tmdb_id': 2657, 'summary': 'Geeky teenager David and his popular twin sister, Jennifer, get sucked into the black-and-white world of a 1950s TV sitcom called ""Pleasantville,"" and find a world where everything is peachy keen all the time. But when Jennifer\'s modern attitude disrupts Pleasantville\'s peaceful but boring routine, she literally brings color into its life.', 'adult': False, 'genre_ids': [14, 35, 18], 'popularity': 10.172, 'vote_average': 7.255, 'vote_count': 1651}",2657,"Geeky teenager David and his popular twin sister, Jennifer, get sucked into the black-and-white world of a 1950s TV sitcom called ""Pleasantville,"" and find a world where everything is peachy keen all the time. But when Jennifer's modern attitude disrupts Pleasantville's peaceful but boring routine, she literally brings color into its life.",False,"[14, 35, 18]",10.172,7.255,1651
The Idea of You,Watched,"August 24, 2024",6.5,,"Comedy, Romance",Prime Video,Neither,,https://www.imdb.com/title/tt9466114/,"May 2, 2024",tt9466114,"{'tmdb_id': 843527, 'summary': ""40-year-old single mom Solène begins an unexpected romance with 24-year-old Hayes Campbell, the lead singer of August Moon, the hottest boy band on the planet. As they begin a whirlwind romance, it isn't long before Hayes' superstar status poses unavoidable challenges to their relationship, and Solène soon discovers that life in the glare of his spotlight might be more than she bargained for."", 'adult': False, 'genre_ids': [10749, 18, 35], 'popularity': 147.501, 'vote_average': 7.42, 'vote_count': 1403}",843527,"40-year-old single mom Solène begins an unexpected romance with 24-year-old Hayes Campbell, the lead singer of August Moon, the hottest boy band on the planet. As they begin a whirlwind romance, it isn't long before Hayes' superstar status poses unavoidable challenges to their relationship, and Solène soon discovers that life in the glare of his spotlight might be more than she bargained for.",False,"[10749, 18, 35]",147.501,7.42,1403
Friday the 13th: Part 3,Watched,"August 23, 2024",6.5,6.5,Horror,Max,Neither,Zach,https://www.imdb.com/title/tt0083972/,"August 13, 1982",tt0083972,"{'tmdb_id': 9728, 'summary': ""An idyllic summer turns into a nightmare of unspeakable terror for yet another group of naïve counselors. Ignoring Camp Crystal Lake's bloody legacy, one by one they fall victim to the maniacal Jason, who stalks them at every turn..."", 'adult': False, 'genre_ids': [27, 53], 'popularity': 40.059, 'vote_average': 5.9, 'vote_count': 1371}",9728,"An idyllic summer turns into a nightmare of unspeakable terror for yet another group of naïve counselors. Ignoring Camp Crystal Lake's bloody legacy, one by one they fall victim to the maniacal Jason, who stalks them at every turn...",False,"[27, 53]",40.059,5.9,1371
Scream,Watched,"August 20, 2024",8.0,8.0,"Horror, Thriller",Max,Neither,"Collin, Zach",https://www.imdb.com/title/tt0117571/,"December 20, 1996",tt0117571,"{'tmdb_id': 4232, 'summary': 'A year after the murder of her mother, a teenage girl is terrorized by a masked killer who targets her and her friends by using scary movies as part of a deadly game.', 'adult': False, 'genre_ids': [80, 27, 9648], 'popularity': 130.179, 'vote_average': 7.4, 'vote_count': 6892}",4232,"A year after the murder of her mother, a teenage girl is terrorized by a masked killer who targets her and her friends by using scary movies as part of a deadly game.",False,"[80, 27, 9648]",130.179,7.4,6892
Jay and Silent Bob Strike Back,Watched,"August 18, 2024",6.5,7.0,"Comedy, Stoner",Prime Video,Collin,Collin,https://www.imdb.com/title/tt0261392/,"September 24, 2001",tt0261392,"{'tmdb_id': 2294, 'summary': 'When Jay and Silent Bob learn that their comic-book alter egos, Bluntman and Chronic, have been sold to Hollywood as part of a big-screen movie that leaves them out of any royalties, the pair travels to Tinseltown to sabotage the production.', 'adult': False, 'genre_ids': [35], 'popularity': 13.721, 'vote_average': 6.426, 'vote_count': 1524}",2294,"When Jay and Silent Bob learn that their comic-book alter egos, Bluntman and Chronic, have been sold to Hollywood as part of a big-screen movie that leaves them out of any royalties, the pair travels to Tinseltown to sabotage the production.",False,[35],13.721,6.426,1524
Shark Tale,Watched,"August 16, 2024",7.0,7.0,"Comedy, Family",Peacock,Valerie,Valerie,https://www.imdb.com/title/tt0307453/,"November 5, 2004",tt0307453,"{'tmdb_id': 10555, 'summary': ""Oscar is a small fish whose big aspirations often get him into trouble. Meanwhile, Lenny is a great white shark with a surprising secret that no sea creature would guess: He's a vegetarian. When a lie turns Oscar into an improbable hero and Lenny becomes an outcast, the two form an unlikely friendship."", 'adult': False, 'genre_ids': [16, 28, 35, 10751], 'popularity': 50.514, 'vote_average': 6.03, 'vote_count': 6280}",10555,"Oscar is a small fish whose big aspirations often get him into trouble. Meanwhile, Lenny is a great white shark with a surprising secret that no sea creature would guess: He's a vegetarian. When a lie turns Oscar into an improbable hero and Lenny becomes an outcast, the two form an unlikely friendship.",False,"[16, 28, 35, 10751]",50.514,6.03,6280
The Perks of Being a Wallflower,Watched,"August 6, 2024",7.0,7.0,Drama,Youtube,"Collin, Valerie",,https://www.imdb.com/title/tt1659337/,"September 10, 2012",tt1659337,"{'tmdb_id': 84892, 'summary': 'Pittsburgh, Pennsylvania, 1991. High school freshman Charlie is a wallflower, always watching life from the sidelines, until two senior students, Sam and her stepbrother Patrick, become his mentors, helping him discover the joys of friendship, music and love.', 'adult': False, 'genre_ids': [18], 'popularity': 40.064, 'vote_average': 7.793, 'vote_count': 10373}",84892,"Pittsburgh, Pennsylvania, 1991. High school freshman Charlie is a wallflower, always watching life from the sidelines, until two senior students, Sam and her stepbrother Patrick, become his mentors, helping him discover the joys of friendship, music and love.",False,[18],40.064,7.793,10373
Clerks,Watched,"August 5, 2024",7.0,6.5,"Arthouse, Comedy",Netflix,Collin,Collin,https://www.imdb.com/title/tt0109445/,"January 22, 1994",tt0109445,"{'tmdb_id': 2292, 'summary': 'Convenience and video store clerks Dante and Randal are sharp-witted, potty-mouthed and bored out of their minds. So in between needling customers, the counter jockeys play hockey on the roof, visit a funeral home and deal with their love lives.', 'adult': False, 'genre_ids': [35], 'popularity': 19.484, 'vote_average': 7.4, 'vote_count': 2460}",2292,"Convenience and video store clerks Dante and Randal are sharp-witted, potty-mouthed and bored out of their minds. So in between needling customers, the counter jockeys play hockey on the roof, visit a funeral home and deal with their love lives.",False,[35],19.484,7.4,2460
Deadpool & Wolverine,Watched,"August 4, 2024",8.0,7.5,"Adventure, Comedy",Theater,Neither,"Collin, John, Valerie, Zach",https://www.imdb.com/title/tt6263850/,"July 24, 2024",tt6263850,"{'tmdb_id': 533535, 'summary': 'A listless Wade Wilson toils away in civilian life with his days as the morally flexible mercenary, Deadpool, behind him. But when his homeworld faces an existential threat, Wade must reluctantly suit-up again with an even more reluctant Wolverine.', 'adult': False, 'genre_ids': [28, 35, 878], 'popularity': 2958.871, 'vote_average': 7.715, 'vote_count': 4659}",533535,"A listless Wade Wilson toils away in civilian life with his days as the morally flexible mercenary, Deadpool, behind him. But when his homeworld faces an existential threat, Wade must reluctantly suit-up again with an even more reluctant Wolverine.",False,"[28, 35, 878]",2958.871,7.715,4659
Saving Bikini Bottom: The Sandy Cheeks Movie,Watched,"August 3, 2024",6.0,4.5,"Adventure, Comedy, Family",Netflix,Neither,"Collin, Valerie, Yasmin",https://www.imdb.com/title/tt23063732/,"August 2, 2024",tt23063732,"{'tmdb_id': 831815, 'summary': 'When Bikini Bottom is scooped from the ocean, scientific squirrel Sandy Cheeks and her pal SpongeBob SquarePants saddle up for Texas to save their town.', 'adult': False, 'genre_ids': [16, 35, 12, 10751], 'popularity': 340.974, 'vote_average': 6.167, 'vote_count': 12}",831815,"When Bikini Bottom is scooped from the ocean, scientific squirrel Sandy Cheeks and her pal SpongeBob SquarePants saddle up for Texas to save their town.",False,"[16, 35, 12, 10751]",340.974,6.167,12
Mac and Devin Go to High School,Watched,"July 31, 2024",6.5,6.0,"Comedy, Stoner",Youtube,Valerie,"Anna, Collin, Valerie",https://www.imdb.com/title/tt1870425/,"July 3, 2012",tt1870425,"{'tmdb_id': 104859, 'summary': 'A comedy that follows two high school students -- one overachiever struggling to write his valedictorian speech, the other a senior now going on his 15th year of school.', 'adult': False, 'genre_ids': [35], 'popularity': 15.222, 'vote_average': 6.5, 'vote_count': 414}",104859,"A comedy that follows two high school students -- one overachiever struggling to write his valedictorian speech, the other a senior now going on his 15th year of school.",False,[35],15.222,6.5,414
The Disaster Artist,Watched,"July 30, 2024",7.0,8.5,Comedy,Max,"Collin, Valerie","Collin, Valerie",https://www.imdb.com/title/tt3521126/,"December 3, 2017",tt3521126,"{'tmdb_id': 371638, 'summary': 'An aspiring actor in Hollywood meets an enigmatic stranger by the name of Tommy Wiseau, the meeting leads the actor down a path nobody could have predicted; creating the worst movie ever made.', 'adult': False, 'genre_ids': [35, 18], 'popularity': 15.945, 'vote_average': 7.112, 'vote_count': 3485}",371638,"An aspiring actor in Hollywood meets an enigmatic stranger by the name of Tommy Wiseau, the meeting leads the actor down a path nobody could have predicted; creating the worst movie ever made.",False,"[35, 18]",15.945,7.112,3485
The Boy and the Heron,Watched,"July 28, 2024",8.5,9.0,Adventure,Bluray,Neither,John,https://www.imdb.com/title/tt6587046/,"January 10, 2023",tt6587046,"{'tmdb_id': 508883, 'summary': 'While the Second World War rages, the teenage Mahito, haunted by his mother\'s tragic death, is relocated from Tokyo to the serene rural home of his new stepmother Natsuko, a woman who bears a striking resemblance to the boy\'s mother. As he tries to adjust, this strange new world grows even stranger following the appearance of a persistent gray heron, who perplexes and bedevils Mahito, dubbing him the ""long-awaited one.""', 'adult': False, 'genre_ids': [16, 12, 14, 10751, 18], 'popularity': 165.623, 'vote_average': 7.487, 'vote_count': 1723}",508883,"While the Second World War rages, the teenage Mahito, haunted by his mother's tragic death, is relocated from Tokyo to the serene rural home of his new stepmother Natsuko, a woman who bears a striking resemblance to the boy's mother. As he tries to adjust, this strange new world grows even stranger following the appearance of a persistent gray heron, who perplexes and bedevils Mahito, dubbing him the ""long-awaited one.""",False,"[16, 12, 14, 10751, 18]",165.623,7.487,1723
Poor Things,Watched,"July 16, 2024",3.5,4.0,Bizarro,Hulu,Neither,Collin,https://www.imdb.com/title/tt14230458/,"February 9, 2023",tt14230458,"{'tmdb_id': 792307, 'summary': 'Brought back to life by an unorthodox scientist, a young woman runs off with a lawyer on a whirlwind adventure across the continents. Free from the prejudices of her times, she grows steadfast in her purpose to stand for equality and liberation.', 'adult': False, 'genre_ids': [878, 10749, 35], 'popularity': 102.511, 'vote_average': 7.7, 'vote_count': 4040}",792307,"Brought back to life by an unorthodox scientist, a young woman runs off with a lawyer on a whirlwind adventure across the continents. Free from the prejudices of her times, she grows steadfast in her purpose to stand for equality and liberation.",False,"[878, 10749, 35]",102.511,7.7,4040
Osmosis Jones,Watched,"July 15, 2024",7.0,6.0,"Comedy, Family",Youtube,"Collin, Valerie",Valerie,https://www.imdb.com/title/tt0181739/,"July 8, 2001",tt0181739,"{'tmdb_id': 12610, 'summary': 'A white blood cell policeman, with the help of a cold pill, must stop a deadly virus from destroying the human they live in, Frank.', 'adult': False, 'genre_ids': [12, 16, 28, 35, 10751], 'popularity': 14.197, 'vote_average': 6.497, 'vote_count': 1002}",12610,"A white blood cell policeman, with the help of a cold pill, must stop a deadly virus from destroying the human they live in, Frank.",False,"[12, 16, 28, 35, 10751]",14.197,6.497,1002
Burn After Reading,Watched,"July 12, 2024",7.5,6.5,"Comedy, Drama",Netflix,Collin,Collin,https://imdb.com/title/tt0887883/,"September 12, 2008",tt0887883,"{'tmdb_id': 4944, 'summary': 'When a disc containing memoirs of a former CIA analyst falls into the hands of gym employees, Linda and Chad, they see a chance to make enough money for Linda to have life-changing cosmetic surgery. Predictably, events whirl out of control for the duo, and those in their orbit.', 'adult': False, 'genre_ids': [35, 18], 'popularity': 17.135, 'vote_average': 6.652, 'vote_count': 4652}",4944,"When a disc containing memoirs of a former CIA analyst falls into the hands of gym employees, Linda and Chad, they see a chance to make enough money for Linda to have life-changing cosmetic surgery. Predictably, events whirl out of control for the duo, and those in their orbit.",False,"[35, 18]",17.135,6.652,4652
Paris is Burning,Watched,"July 12, 2024",7.0,9.5,Documentary,Max,Valerie,Valerie,https://www.imdb.com/title/tt0100332/,"September 6, 1990",tt0100332,"{'tmdb_id': 31225, 'summary': 'Where does voguing come from, and what, exactly, is throwing shade? This landmark documentary provides a vibrant snapshot of the 1980s through the eyes of New York City\'s African American and Latinx Harlem drag-ball scene. Made over seven years, PARIS IS BURNING offers an intimate portrait of rival fashion ""houses,"" from fierce contests for trophies to house mothers offering sustenance in a world rampant with homophobia, transphobia, racism, AIDS, and poverty. Featuring legendary voguers, drag queens, and trans women — including Willi Ninja, Pepper LaBeija, Dorian Corey, and Venus Xtravaganza.', 'adult': False, 'genre_ids': [99], 'popularity': 9.594, 'vote_average': 7.991, 'vote_count': 453}",31225,"Where does voguing come from, and what, exactly, is throwing shade? This landmark documentary provides a vibrant snapshot of the 1980s through the eyes of New York City's African American and Latinx Harlem drag-ball scene. Made over seven years, PARIS IS BURNING offers an intimate portrait of rival fashion ""houses,"" from fierce contests for trophies to house mothers offering sustenance in a world rampant with homophobia, transphobia, racism, AIDS, and poverty. Featuring legendary voguers, drag queens, and trans women — including Willi Ninja, Pepper LaBeija, Dorian Corey, and Venus Xtravaganza.",False,[99],9.594,7.991,453
Spiderman: No Way Home,Watched,"July 10, 2024",8.0,6.5,"Action, Comedy",Torrent,Valerie,Collin,https://www.imdb.com/title/tt10872600/,"December 13, 2021",tt10872600,"{'tmdb_id': 634649, 'summary': 'Peter Parker is unmasked and no longer able to separate his normal life from the high-stakes of being a super-hero. When he asks for help from Doctor Strange the stakes become even more dangerous, forcing him to discover what it truly means to be Spider-Man.', 'adult': False, 'genre_ids': [28, 12, 878], 'popularity': 216.982, 'vote_average': 7.959, 'vote_count': 19978}",634649,"Peter Parker is unmasked and no longer able to separate his normal life from the high-stakes of being a super-hero. When he asks for help from Doctor Strange the stakes become even more dangerous, forcing him to discover what it truly means to be Spider-Man.",False,"[28, 12, 878]",216.982,7.959,19978
Spring Awakening: Those You've Known,Watched,"July 9, 2024",8.0,8.5,"Documentary, Musical",Max,Neither,Valerie,https://www.imdb.com/title/tt19393916/,"March 5, 2022",tt19393916,"{'tmdb_id': 959130, 'summary': 'Fifteen years after the smash, Tony-winning Broadway run of ""Spring Awakening,"" the original cast and creative team reunite for a spectacular, one-night only reunion concert to benefit The Actors Fund. Chronicling their whirlwind journey back to the stage, this documentary follows the players as they reconnect and rediscover the beauty and timelessness of the hit musical.', 'adult': False, 'genre_ids': [99, 10402], 'popularity': 3.617, 'vote_average': 7.526, 'vote_count': 19}",959130,"Fifteen years after the smash, Tony-winning Broadway run of ""Spring Awakening,"" the original cast and creative team reunite for a spectacular, one-night only reunion concert to benefit The Actors Fund. Chronicling their whirlwind journey back to the stage, this documentary follows the players as they reconnect and rediscover the beauty and timelessness of the hit musical.",False,"[99, 10402]",3.617,7.526,19
Space Jam: A New Legacy,Watched,"July 7, 2024",7.5,7.5,"Comedy, Family",Torrent,Collin,Collin,https://www.imdb.com/title/tt3554046/,"December 7, 2021",tt3554046,"{'tmdb_id': 379686, 'summary': ""When LeBron and his young son Dom are trapped in a digital space by a rogue A.I., LeBron must get them home safe by leading Bugs, Lola Bunny and the whole gang of notoriously undisciplined Looney Tunes to victory over the A.I.'s digitized champions on the court. It's Tunes versus Goons in the highest-stakes challenge of his life."", 'adult': False, 'genre_ids': [10751, 16, 35, 878], 'popularity': 55.0, 'vote_average': 6.727, 'vote_count': 3989}",379686,"When LeBron and his young son Dom are trapped in a digital space by a rogue A.I., LeBron must get them home safe by leading Bugs, Lola Bunny and the whole gang of notoriously undisciplined Looney Tunes to victory over the A.I.'s digitized champions on the court. It's Tunes versus Goons in the highest-stakes challenge of his life.",False,"[10751, 16, 35, 878]",55.0,6.727,3989
Space Jam,Watched,"July 7, 2024",7.0,7.0,"Comedy, Family",Max,Valerie,Valerie,https://www.imdb.com/title/tt0117705/,"November 10, 1996",tt0117705,"{'tmdb_id': 2300, 'summary': 'With their freedom on the line, the Looney Tunes seek the help of NBA superstar Michael Jordon to win a basketball game against a team of moronic aliens.', 'adult': False, 'genre_ids': [10751, 16, 35, 878, 12, 14], 'popularity': 26.378, 'vote_average': 6.822, 'vote_count': 5955}",2300,"With their freedom on the line, the Looney Tunes seek the help of NBA superstar Michael Jordon to win a basketball game against a team of moronic aliens.",False,"[10751, 16, 35, 878, 12, 14]",26.378,6.822,5955
Inside Out 2,Watched,"July 4, 2024",8.0,8.5,"Comedy, Drama, Family",Torrent,Neither,Anna,https://www.imdb.com/title/tt22022452/,"June 14, 2024",tt22022452,"{'tmdb_id': 1022789, 'summary': ""Teenager Riley's mind headquarters is undergoing a sudden demolition to make room for something entirely unexpected: new Emotions! Joy, Sadness, Anger, Fear and Disgust, who’ve long been running a successful operation by all accounts, aren’t sure how to feel when Anxiety shows up. And it looks like she’s not alone."", 'adult': False, 'genre_ids': [16, 10751, 12, 35, 18], 'popularity': 1433.487, 'vote_average': 7.619, 'vote_count': 4405}",1022789,"Teenager Riley's mind headquarters is undergoing a sudden demolition to make room for something entirely unexpected: new Emotions! Joy, Sadness, Anger, Fear and Disgust, who’ve long been running a successful operation by all accounts, aren’t sure how to feel when Anxiety shows up. And it looks like she’s not alone.",False,"[16, 10751, 12, 35, 18]",1433.487,7.619,4405
Unfrosted,Watched,"July 2, 2024",7.5,6.5,Comedy,Netflix,Neither,Collin,https://www.imdb.com/title/tt14914430/,"May 3, 2024",tt14914430,"{'tmdb_id': 844185, 'summary': 'In a time when breakfast is ruled by milk and cereal, a fierce corporate battle begins over a revolutionary new pastry.', 'adult': False, 'genre_ids': [35, 36], 'popularity': 22.479, 'vote_average': 5.278, 'vote_count': 248}",844185,"In a time when breakfast is ruled by milk and cereal, a fierce corporate battle begins over a revolutionary new pastry.",False,"[35, 36]",22.479,5.278,248
Bruce Almighty,Watched,"June 26, 2024",7.5,8.0,Comedy,Torrent,"Collin, Valerie",Collin,https://www.imdb.com/title/tt0315327/,"May 23, 2003",tt0315327,"{'tmdb_id': 310, 'summary': 'Bruce Nolan toils as a ""human interest"" television reporter in Buffalo, NY, but despite his high ratings and the love of his beautiful girlfriend, Bruce remains unfulfilled. At the end of the worst day in his life, he angrily ridicules God - and the Almighty responds, endowing Bruce with all of His divine powers.', 'adult': False, 'genre_ids': [14, 35], 'popularity': 47.725, 'vote_average': 6.715, 'vote_count': 10598}",310,"Bruce Nolan toils as a ""human interest"" television reporter in Buffalo, NY, but despite his high ratings and the love of his beautiful girlfriend, Bruce remains unfulfilled. At the end of the worst day in his life, he angrily ridicules God - and the Almighty responds, endowing Bruce with all of His divine powers.",False,"[14, 35]",47.725,6.715,10598
Shaggy D.A.,Watched,"June 21, 2024",6.0,6.0,Comedy,Disney +,Neither,Valerie,https://www.imdb.com/title/tt0075200/,"December 17, 1976",tt0075200,"{'tmdb_id': 15943, 'summary': 'Wilby Daniels, a successful lawyer running for District Attorney, suddenly finds himself being transformed into an English sheepdog. Somehow he has to keep his change a secret and find just what is causing it, all the while eluding the local dog catcher.', 'adult': False, 'genre_ids': [35, 10751, 14], 'popularity': 6.282, 'vote_average': 5.8, 'vote_count': 74}",15943,"Wilby Daniels, a successful lawyer running for District Attorney, suddenly finds himself being transformed into an English sheepdog. Somehow he has to keep his change a secret and find just what is causing it, all the while eluding the local dog catcher.",False,"[35, 10751, 14]",6.282,5.8,74
Mr Deeds,Watched,"June 19, 2024",6.5,6.0,"Comedy, Romance",Torrent,Collin,Collin,https://imdb.com/title/tt0280590/,"May 28, 2002",tt0280590,"{'tmdb_id': 2022, 'summary': 'When Longfellow Deeds, a small-town pizzeria owner and poet, inherits $40 billion from his deceased uncle, he quickly begins rolling in a different kind of dough. Moving to the big city, Deeds finds himself besieged by opportunists all gunning for their piece of the pie. Babe, a television tabloid reporter, poses as an innocent small-town girl to do an exposé on Deeds.', 'adult': False, 'genre_ids': [35, 10749], 'popularity': 25.535, 'vote_average': 5.871, 'vote_count': 2243}",2022,"When Longfellow Deeds, a small-town pizzeria owner and poet, inherits $40 billion from his deceased uncle, he quickly begins rolling in a different kind of dough. Moving to the big city, Deeds finds himself besieged by opportunists all gunning for their piece of the pie. Babe, a television tabloid reporter, poses as an innocent small-town girl to do an exposé on Deeds.",False,"[35, 10749]",25.535,5.871,2243
The Holiday,Watched,"June 14, 2024",7.0,6.0,Romance,Torrent,Collin,Collin,https://www.imdb.com/title/tt0457939/,"November 29, 2006",tt0457939,"{'tmdb_id': 1581, 'summary': 'Two women, one from the United States and one from the United Kingdom, swap homes at Christmas time after bad breakups with their boyfriends. Each woman finds romance with a local man but realizes that the imminent return home may end the relationship.', 'adult': False, 'genre_ids': [35, 10749], 'popularity': 22.898, 'vote_average': 7.094, 'vote_count': 4967}",1581,"Two women, one from the United States and one from the United Kingdom, swap homes at Christmas time after bad breakups with their boyfriends. Each woman finds romance with a local man but realizes that the imminent return home may end the relationship.",False,"[35, 10749]",22.898,7.094,4967
The Dark Crystal,Watched,"May 26, 2024",5.0,5.0,"Action, Family",Peacock,Valerie,Valerie,https://www.imdb.com/title/tt0083791/,"December 17, 1982",tt0083791,"{'tmdb_id': 11639, 'summary': 'On another planet in the distant past, a Gelfling embarks on a quest to find the missing shard of a magical crystal and restore order to his world, before the grotesque race of Skeksis find and use the crystal for evil.', 'adult': False, 'genre_ids': [12, 10751, 14], 'popularity': 19.297, 'vote_average': 7.1, 'vote_count': 1099}",11639,"On another planet in the distant past, a Gelfling embarks on a quest to find the missing shard of a magical crystal and restore order to his world, before the grotesque race of Skeksis find and use the crystal for evil.",False,"[12, 10751, 14]",19.297,7.1,1099
Deadpool 2,Watched,"May 15, 2024",7.0,6.0,"Action, Comedy",Disney +,Collin,Collin,https://www.imdb.com/title/tt5463162/,"October 5, 2018",tt5463162,"{'tmdb_id': 383498, 'summary': ""Wisecracking mercenary Deadpool battles the evil and powerful Cable and other bad guys to save a boy's life."", 'adult': False, 'genre_ids': [28, 35, 12], 'popularity': 104.852, 'vote_average': 7.493, 'vote_count': 17812}",383498,Wisecracking mercenary Deadpool battles the evil and powerful Cable and other bad guys to save a boy's life.,False,"[28, 35, 12]",104.852,7.493,17812
The Mummy 2,Watched,"May 10, 2024",7.0,7.0,Action,Peacock,Valerie,Valerie,https://www.imdb.com/title/tt0209163/,"April 29, 2001",tt0209163,"{'tmdb_id': 1734, 'summary': 'Rick and Evelyn O’Connell, along with their 8-year-old son Alex, discover the key to the legendary Scorpion King’s might: the fabled Bracelet of Anubis. Unfortunately, a newly resurrected Imhotep has designs on the bracelet as well, and isn’t above kidnapping its new bearer, Alex, to gain control of Anubis’s otherworldly army.', 'adult': False, 'genre_ids': [12, 28, 14], 'popularity': 60.534, 'vote_average': 6.373, 'vote_count': 6966}",1734,"Rick and Evelyn O’Connell, along with their 8-year-old son Alex, discover the key to the legendary Scorpion King’s might: the fabled Bracelet of Anubis. Unfortunately, a newly resurrected Imhotep has designs on the bracelet as well, and isn’t above kidnapping its new bearer, Alex, to gain control of Anubis’s otherworldly army.",False,"[12, 28, 14]",60.534,6.373,6966
Tenacious D: The Pick of Destiny,Watched,"May 1, 2024",5.5,7.5,"Comedy, Musical",Torrent,Neither,Collin,https://www.imdb.com/title/tt0365830/,"November 22, 2006",tt0365830,"{'tmdb_id': 2179, 'summary': ""In Venice Beach, naive Midwesterner JB bonds with local slacker KG and they form the rock band Tenacious D. Setting out to become the world's greatest band is no easy feat, so they set out to steal what could be the answer to their prayers... a magical guitar pick housed in a rock-and-roll museum some 300 miles away."", 'adult': False, 'genre_ids': [35, 10402, 14, 12], 'popularity': 18.866, 'vote_average': 6.8, 'vote_count': 1576}",2179,"In Venice Beach, naive Midwesterner JB bonds with local slacker KG and they form the rock band Tenacious D. Setting out to become the world's greatest band is no easy feat, so they set out to steal what could be the answer to their prayers... a magical guitar pick housed in a rock-and-roll museum some 300 miles away.",False,"[35, 10402, 14, 12]",18.866,6.8,1576
Moana,Watched,"April 24, 2024",6.5,7.0,"Family, Musical",Disney +,Valerie,Valerie,https://www.imdb.com/title/tt3521164/,"November 14, 2016",tt3521164,"{'tmdb_id': 277834, 'summary': ""In Ancient Polynesia, when a terrible curse incurred by Maui reaches an impetuous Chieftain's daughter's island, she answers the Ocean's call to seek out the demigod to set things right."", 'adult': False, 'genre_ids': [12, 35, 10751, 16], 'popularity': 37.726, 'vote_average': 7.6, 'vote_count': 12286}",277834,"In Ancient Polynesia, when a terrible curse incurred by Maui reaches an impetuous Chieftain's daughter's island, she answers the Ocean's call to seek out the demigod to set things right.",False,"[12, 35, 10751, 16]",37.726,7.6,12286
Joe Dirt,Watched,"April 19, 2024",8.0,6.5,"Comedy, Family",Torrent,Collin,Collin,https://www.imdb.com/title/tt0245686/,"November 4, 2001",tt0245686,"{'tmdb_id': 10956, 'summary': 'Joe Dirt is a janitor with a mullet hairdo, acid-washed jeans and a dream to find the parents that he lost at the Grand Canyon when he was a belligerent, trailer park-raised eight-year-old. Now, blasting Van Halen in his jacked-up economy car, the irrepressibly optimistic Joe hits the road alone in search of his folks.', 'adult': False, 'genre_ids': [9648, 12, 35, 10749, 18], 'popularity': 15.945, 'vote_average': 5.592, 'vote_count': 706}",10956,"Joe Dirt is a janitor with a mullet hairdo, acid-washed jeans and a dream to find the parents that he lost at the Grand Canyon when he was a belligerent, trailer park-raised eight-year-old. Now, blasting Van Halen in his jacked-up economy car, the irrepressibly optimistic Joe hits the road alone in search of his folks.",False,"[9648, 12, 35, 10749, 18]",15.945,5.592,706
Masterminds,Watched,"April 17, 2024",7.0,7.0,Comedy,Hulu,Valerie,Valerie,https://www.imdb.com/title/tt2461150/,"September 28, 2016",tt2461150,"{'tmdb_id': 213681, 'summary': 'A night guard at an armored car company in the Southern U.S. organizes one of the biggest bank heists in American history.', 'adult': False, 'genre_ids': [28, 35, 80], 'popularity': 12.626, 'vote_average': 5.7, 'vote_count': 1710}",213681,A night guard at an armored car company in the Southern U.S. organizes one of the biggest bank heists in American history.,False,"[28, 35, 80]",12.626,5.7,1710
Zach and Miri Make A Porno,Watched,"April 16, 2024",6.5,4.0,"Comedy, Romance",,Neither,Collin,https://www.imdb.com/title/tt1007028/,"October 20, 2008",tt1007028,"{'tmdb_id': 10358, 'summary': 'Lifelong platonic friends Zack and Miri look to solve their respective cash-flow problems by making an adult film together. As the cameras roll, however, the duo begin to sense that they may have more feelings for each other than they previously thought.', 'adult': False, 'genre_ids': [35, 10749], 'popularity': 46.517, 'vote_average': 6.3, 'vote_count': 2382}",10358,"Lifelong platonic friends Zack and Miri look to solve their respective cash-flow problems by making an adult film together. As the cameras roll, however, the duo begin to sense that they may have more feelings for each other than they previously thought.",False,"[35, 10749]",46.517,6.3,2382
The Mask,Watched,"April 11, 2024",7.0,9.5,Comedy,,"Collin, Valerie",Valerie,https://www.imdb.com/title/tt0110475/,"July 29, 1994",tt0110475,"{'tmdb_id': 854, 'summary': ""When timid bank clerk Stanley Ipkiss discovers a magical mask containing the spirit of the Norse god Loki, his entire life changes. While wearing the mask, Ipkiss becomes a supernatural playboy exuding charm and confidence which allows him to catch the eye of local nightclub singer Tina Carlyle. Unfortunately, under the mask's influence, Ipkiss also robs a bank, which angers junior crime lord Dorian Tyrell, whose goons get blamed for the heist."", 'adult': False, 'genre_ids': [10749, 35, 80, 14], 'popularity': 59.651, 'vote_average': 6.96, 'vote_count': 10167}",854,"When timid bank clerk Stanley Ipkiss discovers a magical mask containing the spirit of the Norse god Loki, his entire life changes. While wearing the mask, Ipkiss becomes a supernatural playboy exuding charm and confidence which allows him to catch the eye of local nightclub singer Tina Carlyle. Unfortunately, under the mask's influence, Ipkiss also robs a bank, which angers junior crime lord Dorian Tyrell, whose goons get blamed for the heist.",False,"[10749, 35, 80, 14]",59.651,6.96,10167
Billy Madison,Watched,"April 10, 2024",9.0,7.5,Comedy,,Collin,Collin,https://www.imdb.com/title/tt0112508/,"October 2, 1995",tt0112508,"{'tmdb_id': 11017, 'summary': ""Billy Madison is the 27 year-old son of Bryan Madison, a very rich man who has made his living in the hotel industry. Billy stands to inherit his father's empire, but only if he can make it through all 12 grades, 2 weeks per grade, to prove that he has what it takes to run the family business."", 'adult': False, 'genre_ids': [35], 'popularity': 12.945, 'vote_average': 6.2, 'vote_count': 1617}",11017,"Billy Madison is the 27 year-old son of Bryan Madison, a very rich man who has made his living in the hotel industry. Billy stands to inherit his father's empire, but only if he can make it through all 12 grades, 2 weeks per grade, to prove that he has what it takes to run the family business.",False,[35],12.945,6.2,1617
Willy Wonka and the Chocolate Factory,Watched,"March 15, 2024",8.5,8.5,"Family, Musical",,"Collin, Valerie","Collin, Valerie",https://www.imdb.com/title/tt0067992/,"June 30, 1971",tt0067992,"{'tmdb_id': 252, 'summary': 'When eccentric candy man Willy Wonka promises a lifetime supply of sweets and a tour of his chocolate factory to five lucky kids, penniless Charlie Bucket seeks the golden ticket that will make him a winner.', 'adult': False, 'genre_ids': [10751, 14, 35], 'popularity': 45.807, 'vote_average': 7.493, 'vote_count': 3547}",252,"When eccentric candy man Willy Wonka promises a lifetime supply of sweets and a tour of his chocolate factory to five lucky kids, penniless Charlie Bucket seeks the golden ticket that will make him a winner.",False,"[10751, 14, 35]",45.807,7.493,3547
The Out-Laws,Watched,"March 14, 2024",4.0,4.0,Comedy,Netflix,Neither,Valerie,https://www.imdb.com/title/tt11274492/,"July 7, 2023",tt11274492,"{'tmdb_id': 921636, 'summary': 'A straight-laced bank manager is about to marry the love of his life. When his bank is held up by infamous Ghost Bandits during his wedding week, he believes his future in-laws who just arrived in town, are the infamous Out-Laws.', 'adult': False, 'genre_ids': [10749, 28, 35], 'popularity': 25.251, 'vote_average': 6.0, 'vote_count': 684}",921636,"A straight-laced bank manager is about to marry the love of his life. When his bank is held up by infamous Ghost Bandits during his wedding week, he believes his future in-laws who just arrived in town, are the infamous Out-Laws.",False,"[10749, 28, 35]",25.251,6.0,684
Amadeus [Extended Cut],Watched,"March 1, 2024",6.0,8.5,"Drama, Musical",Torrent,Valerie,Valerie,https://www.imdb.com/title/tt0086879/,"September 19, 1984",tt0086879,"{'tmdb_id': 279, 'summary': 'Disciplined Italian composer Antonio Salieri becomes consumed by jealousy and resentment towards the hedonistic and remarkably talented young Viennese composer Wolfgang Amadeus Mozart.', 'adult': False, 'genre_ids': [36, 10402, 18], 'popularity': 26.588, 'vote_average': 8.032, 'vote_count': 4193}",279,Disciplined Italian composer Antonio Salieri becomes consumed by jealousy and resentment towards the hedonistic and remarkably talented young Viennese composer Wolfgang Amadeus Mozart.,False,"[36, 10402, 18]",26.588,8.032,4193
The Suicide Squad,Watched,"February 20, 2024",6.5,5.0,"Action, Comedy",Max,Collin,Collin,https://www.imdb.com/title/tt6334354/,"July 30, 2021",tt6334354,"{'tmdb_id': 436969, 'summary': 'Supervillains Harley Quinn, Bloodsport, Peacemaker and a collection of nutty cons at Belle Reve prison join the super-secret, super-shady Task Force X as they are dropped off at the remote, enemy-infused island of Corto Maltese.', 'adult': False, 'genre_ids': [28, 35, 12], 'popularity': 94.046, 'vote_average': 7.5, 'vote_count': 8532}",436969,"Supervillains Harley Quinn, Bloodsport, Peacemaker and a collection of nutty cons at Belle Reve prison join the super-secret, super-shady Task Force X as they are dropped off at the remote, enemy-infused island of Corto Maltese.",False,"[28, 35, 12]",94.046,7.5,8532
The Lorax,Watched,"February 9, 2024",4.0,6.0,"Drama, Family",,Valerie,Valerie,https://www.imdb.com/title/tt1482459/?ref_=nv_sr_srsg_0_tt_4_nm_4_in_0_q_lorax,"February 19, 2012",tt1482459,"{'tmdb_id': 73723, 'summary': 'A 12-year-old boy searches for the one thing that will enable him to win the affection of the girl of his dreams. To find it he must discover the story of the Lorax, the grumpy yet charming creature who fights to protect his world.', 'adult': False, 'genre_ids': [16, 10751], 'popularity': 82.959, 'vote_average': 6.501, 'vote_count': 3507}",73723,"A 12-year-old boy searches for the one thing that will enable him to win the affection of the girl of his dreams. To find it he must discover the story of the Lorax, the grumpy yet charming creature who fights to protect his world.",False,"[16, 10751]",82.959,6.501,3507
Castaway on the Moon,Watched,"February 6, 2024",8.5,8.5,Drama,Torrent,Collin,Collin,https://www.imdb.com/title/tt1499666/,"February 5, 2010",tt1499666,"{'tmdb_id': 18438, 'summary': 'Mr. Kim is jobless, lost in debt and has been dumped by his girlfriend. He decides to end it all by jumping into the Han River - only to find himself washed up on a small, mid-river island. He soon abandons thoughts of suicide or rescue and begins a new life as a castaway. His antics catch the attention of a young woman whose apartment overlooks the river. Her discovery changes both their lives.', 'adult': False, 'genre_ids': [18, 35, 10749], 'popularity': 11.699, 'vote_average': 8.0, 'vote_count': 656}",18438,"Mr. Kim is jobless, lost in debt and has been dumped by his girlfriend. He decides to end it all by jumping into the Han River - only to find himself washed up on a small, mid-river island. He soon abandons thoughts of suicide or rescue and begins a new life as a castaway. His antics catch the attention of a young woman whose apartment overlooks the river. Her discovery changes both their lives.",False,"[18, 35, 10749]",11.699,8.0,656
Sweeney Todd,Watched,"February 4, 2024",5.0,8.0,"Musical, Thriller",Torrent,Valerie,Valerie,https://www.imdb.com/title/tt0408236/,"December 3, 2007",tt0408236,"{'tmdb_id': 13885, 'summary': 'The infamous story of Benjamin Barker, a.k.a Sweeney Todd, who sets up a barber shop down in London which is the basis for a sinister partnership with his fellow tenant, Mrs. Lovett. Based on the hit Broadway musical.', 'adult': False, 'genre_ids': [18, 27], 'popularity': 37.398, 'vote_average': 7.184, 'vote_count': 5806}",13885,"The infamous story of Benjamin Barker, a.k.a Sweeney Todd, who sets up a barber shop down in London which is the basis for a sinister partnership with his fellow tenant, Mrs. Lovett. Based on the hit Broadway musical.",False,"[18, 27]",37.398,7.184,5806
Date Night,Watched,"January 31, 2024",4.0,6.0,Comedy,Max,Valerie,Valerie,https://www.imdb.com/title/tt1279935/,"April 6, 2010",tt1279935,"{'tmdb_id': 35056, 'summary': 'Phil and Claire Foster fear that their mild-mannered relationship may be falling into a stale rut. During their weekly date night, their dinner reservation leads to their being mistaken for a couple of thieves—and now a number of unsavoury characters want Phil and Claire killed.', 'adult': False, 'genre_ids': [35, 28, 12], 'popularity': 14.384, 'vote_average': 6.094, 'vote_count': 2811}",35056,"Phil and Claire Foster fear that their mild-mannered relationship may be falling into a stale rut. During their weekly date night, their dinner reservation leads to their being mistaken for a couple of thieves—and now a number of unsavoury characters want Phil and Claire killed.",False,"[35, 28, 12]",14.384,6.094,2811
Madea Goes to Jail,Watched,"January 28, 2024",7.0,6.0,"Comedy, Drama",Torrent,Valerie,Valerie,https://www.imdb.com/title/tt1142800/,"February 16, 2009",tt1142800,"{'tmdb_id': 15670, 'summary': ""After a high-speed car chase, Madea winds up behind bars because her quick temper gets the best of her. Meanwhile, Assistant District Attorney Josh Hardaway lands a case that's too personal to handle: that of a young prostitute and former drug addict named Candace. When Candace winds up in jail, Madea takes the young woman under her protective wing."", 'adult': False, 'genre_ids': [35, 80, 18], 'popularity': 15.572, 'vote_average': 6.6, 'vote_count': 184}",15670,"After a high-speed car chase, Madea winds up behind bars because her quick temper gets the best of her. Meanwhile, Assistant District Attorney Josh Hardaway lands a case that's too personal to handle: that of a young prostitute and former drug addict named Candace. When Candace winds up in jail, Madea takes the young woman under her protective wing.",False,"[35, 80, 18]",15.572,6.6,184
World’s Greatest Dad,Watched,"January 20, 2024",6.0,6.0,Drama,Hulu,Collin,Collin,https://www.imdb.com/title/tt1262981/,"January 18, 2009",tt1262981,"{'tmdb_id': 20178, 'summary': 'In the wake of a freak accident, Lance suffers the worst tragedy and the greatest opportunity of his life. He is suddenly faced with the possibility of fame, fortune and popularity, if he can only live with the knowledge of how he got there.', 'adult': False, 'genre_ids': [35, 10749, 18], 'popularity': 10.512, 'vote_average': 6.597, 'vote_count': 585}",20178,"In the wake of a freak accident, Lance suffers the worst tragedy and the greatest opportunity of his life. He is suddenly faced with the possibility of fame, fortune and popularity, if he can only live with the knowledge of how he got there.",False,"[35, 10749, 18]",10.512,6.597,585
Django Unchained,Watched,"January 20, 2024",7.5,9.0,Drama,Torrent,Valerie,Collin,https://www.imdb.com/title/tt1853728/,"December 11, 2012",tt1853728,"{'tmdb_id': 68718, 'summary': 'With the help of a German bounty hunter, a freed slave sets out to rescue his wife from a brutal Mississippi plantation owner.', 'adult': False, 'genre_ids': [18, 37], 'popularity': 55.861, 'vote_average': 8.181, 'vote_count': 26077}",68718,"With the help of a German bounty hunter, a freed slave sets out to rescue his wife from a brutal Mississippi plantation owner.",False,"[18, 37]",55.861,8.181,26077
Donnie Darko,Watched,"January 5, 2024",7.5,7.5,Bizarro,Torrent,Collin,Collin,https://www.imdb.com/title/tt0246578/,"January 19, 2001",tt0246578,"{'tmdb_id': 141, 'summary': 'After narrowly escaping a bizarre accident, a troubled teenager is plagued by visions of a large bunny rabbit that manipulates him to commit a series of crimes.', 'adult': False, 'genre_ids': [14, 18, 9648], 'popularity': 41.213, 'vote_average': 7.777, 'vote_count': 12321}",141,"After narrowly escaping a bizarre accident, a troubled teenager is plagued by visions of a large bunny rabbit that manipulates him to commit a series of crimes.",False,"[14, 18, 9648]",41.213,7.777,12321
Minions,Watched,"January 3, 2024",6.0,6.0,"Comedy, Family",Netflix,Valerie,Valerie,https://www.imdb.com/title/tt2293640/,"June 18, 2015",tt2293640,"{'tmdb_id': 211672, 'summary': 'Minions Stuart, Kevin and Bob are recruited by Scarlet Overkill, a super-villain who, alongside her inventor husband Herb, hatches a plot to take over the world.', 'adult': False, 'genre_ids': [10751, 16, 12, 35], 'popularity': 36.713, 'vote_average': 6.411, 'vote_count': 10468}",211672,"Minions Stuart, Kevin and Bob are recruited by Scarlet Overkill, a super-villain who, alongside her inventor husband Herb, hatches a plot to take over the world.",False,"[10751, 16, 12, 35]",36.713,6.411,10468
Treasure Planet,Watched,"January 2, 2024",6.5,9.0,"Action, Family",Disney +,Valerie,Valerie,https://www.imdb.com/title/tt0133240/,"November 17, 2002",tt0133240,"{'tmdb_id': 9016, 'summary': 'When space galleon cabin boy Jim Hawkins discovers a map to an intergalactic ""loot of a thousand worlds,"" a cyborg cook named John Silver teaches him to battle supernovas and space storms on their journey to find treasure.', 'adult': False, 'genre_ids': [12, 16, 10751, 14, 878], 'popularity': 40.299, 'vote_average': 7.548, 'vote_count': 4139}",9016,"When space galleon cabin boy Jim Hawkins discovers a map to an intergalactic ""loot of a thousand worlds,"" a cyborg cook named John Silver teaches him to battle supernovas and space storms on their journey to find treasure.",False,"[12, 16, 10751, 14, 878]",40.299,7.548,4139
Horrible Bosses 2,Watched,"December 30, 2023",6.0,3.0,Comedy,Torrent,Collin,Collin,https://www.imdb.com/title/tt2170439/,"November 26, 2014",tt2170439,"{'tmdb_id': 227159, 'summary': ""Dale, Kurt and Nick decide to start their own business but things don't go as planned because of a slick investor, prompting the trio to pull off a harebrained and misguided kidnapping scheme."", 'adult': False, 'genre_ids': [35], 'popularity': 30.793, 'vote_average': 6.189, 'vote_count': 4088}",227159,"Dale, Kurt and Nick decide to start their own business but things don't go as planned because of a slick investor, prompting the trio to pull off a harebrained and misguided kidnapping scheme.",False,[35],30.793,6.189,4088
Encanto,Watched,"December 28, 2023",7.0,4.0,"Family, Musical",Disney +,Valerie,Valerie,https://www.imdb.com/title/tt2953050/,"November 3, 2021",tt2953050,"{'tmdb_id': 568124, 'summary': ""The tale of an extraordinary family, the Madrigals, who live hidden in the mountains of Colombia, in a magical house, in a vibrant town, in a wondrous, charmed place called an Encanto. The magic of the Encanto has blessed every child in the family—every child except one, Mirabel. But when she discovers that the magic surrounding the Encanto is in danger, Mirabel decides that she, the only ordinary Madrigal, might just be her exceptional family's last hope."", 'adult': False, 'genre_ids': [16, 35, 10751, 14], 'popularity': 111.265, 'vote_average': 7.599, 'vote_count': 9388}",568124,"The tale of an extraordinary family, the Madrigals, who live hidden in the mountains of Colombia, in a magical house, in a vibrant town, in a wondrous, charmed place called an Encanto. The magic of the Encanto has blessed every child in the family—every child except one, Mirabel. But when she discovers that the magic surrounding the Encanto is in danger, Mirabel decides that she, the only ordinary Madrigal, might just be her exceptional family's last hope.",False,"[16, 35, 10751, 14]",111.265,7.599,9388
Submarine,Watched,"December 27, 2023",6.0,6.5,"Comedy, Drama",Torrent,Collin,Collin,https://www.imdb.com/title/tt1440292/,"January 1, 2011",tt1440292,"{'tmdb_id': 49020, 'summary': ""15-year-old deep-thinking Welsh schoolboy Oliver Tate struggles to initiate and maintain a relationship with Jordana, his devilish, dark-haired classmate at their Swansea high school. As his parents' marriage begins to fall apart, similar problems arise in his relationship with Jordana."", 'adult': False, 'genre_ids': [18, 35, 10749], 'popularity': 8.296, 'vote_average': 7.4, 'vote_count': 1427}",49020,"15-year-old deep-thinking Welsh schoolboy Oliver Tate struggles to initiate and maintain a relationship with Jordana, his devilish, dark-haired classmate at their Swansea high school. As his parents' marriage begins to fall apart, similar problems arise in his relationship with Jordana.",False,"[18, 35, 10749]",8.296,7.4,1427
Diary of a Mad Black Woman,Watched,"December 26, 2023",8.0,8.0,"Comedy, Drama",Torrent,Valerie,Valerie,https://www.imdb.com/title/tt0422093/,"February 25, 2005",tt0422093,"{'tmdb_id': 16186, 'summary': ""Charles, an attorney, and Helen, his devoted wife, seem to have everything – money, a beautiful mansion – the American Dream. However, as Helen prepares to celebrate their 18th wedding anniversary, her life takes an unexpected twist when she comes home to find her clothes packed up in a U-Haul van parked in the driveway. Charles is divorcing her and kicks her out. Helen moves in with her grandmother Madea, an old woman who doesn't take any lip from anyone. Madea helps Helen through these tough times by showing her what is really important in life. Helen is forced to rediscover love, life and religion in her pursuit for happiness."", 'adult': False, 'genre_ids': [18, 10749, 35], 'popularity': 14.255, 'vote_average': 6.6, 'vote_count': 208}",16186,"Charles, an attorney, and Helen, his devoted wife, seem to have everything – money, a beautiful mansion – the American Dream. However, as Helen prepares to celebrate their 18th wedding anniversary, her life takes an unexpected twist when she comes home to find her clothes packed up in a U-Haul van parked in the driveway. Charles is divorcing her and kicks her out. Helen moves in with her grandmother Madea, an old woman who doesn't take any lip from anyone. Madea helps Helen through these tough times by showing her what is really important in life. Helen is forced to rediscover love, life and religion in her pursuit for happiness.",False,"[18, 10749, 35]",14.255,6.6,208
Mean Girls,Watched,"December 14, 2023",8.0,8.0,Comedy,Torrent,"Collin, Valerie","Collin, Valerie",https://www.imdb.com/title/tt0377092/,"April 30, 2004",tt0377092,"{'tmdb_id': 10625, 'summary': 'Cady Heron is a hit with The Plastics, the A-list girl clique at her new school, until she makes the mistake of falling for Aaron Samuels, the ex-boyfriend of alpha Plastic Regina George.', 'adult': False, 'genre_ids': [18, 35], 'popularity': 91.807, 'vote_average': 7.2, 'vote_count': 8681}",10625,"Cady Heron is a hit with The Plastics, the A-list girl clique at her new school, until she makes the mistake of falling for Aaron Samuels, the ex-boyfriend of alpha Plastic Regina George.",False,"[18, 35]",91.807,7.2,8681
Dreamgirls,Watched,"December 11, 2023",9.0,9.5,"Drama, Musical",Torrent,Valerie,Valerie,https://www.imdb.com/title/tt0443489/,"December 15, 2006",tt0443489,"{'tmdb_id': 1125, 'summary': 'A trio of female soul singers cross over to the pop charts in the early 1960s, facing their own personal struggles along the way.', 'adult': False, 'genre_ids': [18, 10402], 'popularity': 13.9, 'vote_average': 6.74, 'vote_count': 984}",1125,"A trio of female soul singers cross over to the pop charts in the early 1960s, facing their own personal struggles along the way.",False,"[18, 10402]",13.9,6.74,984
The Rocker,Watched,"December 8, 2023",5.5,5.0,"Comedy, Musical",Torrent,Collin,Collin,https://www.imdb.com/title/tt1031969/,"August 20, 2008",tt1031969,"{'tmdb_id': 10186, 'summary': ""In the 1980s, a drummer is abandoned by his band just before they become rock superstars. Twenty years later, the drummer sees his second chance at stardom arise when he is asked to perform with his teenage nephew's high school rock band."", 'adult': False, 'genre_ids': [35, 10402], 'popularity': 13.327, 'vote_average': 6.031, 'vote_count': 578}",10186,"In the 1980s, a drummer is abandoned by his band just before they become rock superstars. Twenty years later, the drummer sees his second chance at stardom arise when he is asked to perform with his teenage nephew's high school rock band.",False,"[35, 10402]",13.327,6.031,578
Black is King,Watched,"December 6, 2023",4.0,6.5,"Bizarro, Musical",Disney +,Valerie,Valerie,https://www.imdb.com/title/tt12607910/,"July 31, 2020",tt12607910,"{'tmdb_id': 719643, 'summary': 'This visual album from Beyoncé reimagines the lessons of ""The Lion King"" (2019) for today’s young kings and queens in search of their own crowns.', 'adult': False, 'genre_ids': [10402], 'popularity': 8.133, 'vote_average': 7.3, 'vote_count': 123}",719643,"This visual album from Beyoncé reimagines the lessons of ""The Lion King"" (2019) for today’s young kings and queens in search of their own crowns.",False,[10402],8.133,7.3,123
The 40 Year-Old Virgin,Watched,"November 28, 2023",7.5,6.0,"Comedy, Stoner",Prime Video,Collin,Collin,https://www.imdb.com/title/tt0405422/,"August 19, 2005",tt0405422,"{'tmdb_id': 6957, 'summary': ""Andy Stitzer has a pleasant life with a nice apartment and a job stamping invoices at an electronics store. But at age 40, there's one thing Andy hasn't done, and it's really bothering his sex-obsessed male co-workers: Andy is still a virgin. Determined to help Andy get laid, the guys make it their mission to de-virginize him. But it all seems hopeless until Andy meets small business owner Trish, a single mom."", 'adult': False, 'genre_ids': [35, 10749], 'popularity': 34.428, 'vote_average': 6.4, 'vote_count': 6615}",6957,"Andy Stitzer has a pleasant life with a nice apartment and a job stamping invoices at an electronics store. But at age 40, there's one thing Andy hasn't done, and it's really bothering his sex-obsessed male co-workers: Andy is still a virgin. Determined to help Andy get laid, the guys make it their mission to de-virginize him. But it all seems hopeless until Andy meets small business owner Trish, a single mom.",False,"[35, 10749]",34.428,6.4,6615
The Great Muppet Caper,Watched,"November 26, 2023",7.5,7.5,"Comedy, Family",Disney +,Valerie,Valerie,https://www.imdb.com/title/tt0082474/,"June 26, 1981",tt0082474,"{'tmdb_id': 14900, 'summary': ""Kermit and Fozzie are newspaper reporters sent to London to interview Lady Holiday, a wealthy fashion designer whose priceless diamond necklace is stolen. Kermit meets and falls in love with her secretary, Miss Piggy. The jewel thieves strike again, and this time frame Miss Piggy. It's up to Kermit and Muppets to bring the real culprits to justice."", 'adult': False, 'genre_ids': [10751, 80, 35, 9648, 10402], 'popularity': 9.732, 'vote_average': 6.823, 'vote_count': 296}",14900,"Kermit and Fozzie are newspaper reporters sent to London to interview Lady Holiday, a wealthy fashion designer whose priceless diamond necklace is stolen. Kermit meets and falls in love with her secretary, Miss Piggy. The jewel thieves strike again, and this time frame Miss Piggy. It's up to Kermit and Muppets to bring the real culprits to justice.",False,"[10751, 80, 35, 9648, 10402]",9.732,6.823,296
Chronicle,Watched,"November 18, 2023",8.0,8.0,"Bizarro, Drama",Torrent,Collin,Collin,https://www.imdb.com/title/tt1706593/,"February 1, 2012",tt1706593,"{'tmdb_id': 76726, 'summary': 'Three high school students make an incredible discovery, leading to their developing uncanny powers beyond their understanding. As they learn to control their abilities and use them to their advantage, their lives start to spin out of control, and their darker sides begin to take over.', 'adult': False, 'genre_ids': [878, 18, 53], 'popularity': 29.311, 'vote_average': 6.828, 'vote_count': 5233}",76726,"Three high school students make an incredible discovery, leading to their developing uncanny powers beyond their understanding. As they learn to control their abilities and use them to their advantage, their lives start to spin out of control, and their darker sides begin to take over.",False,"[878, 18, 53]",29.311,6.828,5233
SpongeBob: Sponge Out of Water,Watched,"November 16, 2023",7.5,7.0,"Comedy, Family",Prime Video,Neither,"Collin, Valerie",https://www.imdb.com/title/tt2279373/,"February 6, 2015",tt2279373,"{'tmdb_id': 228165, 'summary': 'Burger Beard is a pirate who is in search of the final page of a magical book that makes any evil plan he writes in it come true, which happens to be the Krabby Patty secret formula. When the entire city of Bikini Bottom is put in danger, SpongeBob, Patrick, Mr. Krabs, Squidward, Sandy, and Plankton need to go on a quest that takes them to the surface. In order to get back the recipe and save their city, the gang must retrieve the book and transform themselves into superheroes.', 'adult': False, 'genre_ids': [10751, 12, 35, 14, 16], 'popularity': 55.344, 'vote_average': 6.1, 'vote_count': 2326}",228165,"Burger Beard is a pirate who is in search of the final page of a magical book that makes any evil plan he writes in it come true, which happens to be the Krabby Patty secret formula. When the entire city of Bikini Bottom is put in danger, SpongeBob, Patrick, Mr. Krabs, Squidward, Sandy, and Plankton need to go on a quest that takes them to the surface. In order to get back the recipe and save their city, the gang must retrieve the book and transform themselves into superheroes.",False,"[10751, 12, 35, 14, 16]",55.344,6.1,2326
Prince of Egypt,Watched,"November 16, 2023",7.5,9.5,"Drama, Family",Torrent,Valerie,Valerie,https://www.imdb.com/title/tt0120794/,"December 16, 1998",tt0120794,"{'tmdb_id': 9837, 'summary': 'The strong bond between two brothers is challenged when their chosen responsibilities set them at odds, with extraordinary consequences.', 'adult': False, 'genre_ids': [12, 16, 18, 10751], 'popularity': 43.757, 'vote_average': 7.3, 'vote_count': 3929}",9837,"The strong bond between two brothers is challenged when their chosen responsibilities set them at odds, with extraordinary consequences.",False,"[12, 16, 18, 10751]",43.757,7.3,3929
Big Top Pee Wee,Watched,"November 15, 2023",7.5,7.5,"Comedy, Family",Torrent,Collin,Collin,https://www.imdb.com/title/tt0094744/,"July 22, 1988",tt0094744,"{'tmdb_id': 30502, 'summary': 'Paul Reubens stars as Pee-wee Herman in his second full-length film about a farmer who joins the circus after a storm drops a big tent in his front yard. Pee-wee, along with an outlandish cast of animals and circus performers, puts on the best show ever.', 'adult': False, 'genre_ids': [35, 10751], 'popularity': 6.326, 'vote_average': 4.9, 'vote_count': 129}",30502,"Paul Reubens stars as Pee-wee Herman in his second full-length film about a farmer who joins the circus after a storm drops a big tent in his front yard. Pee-wee, along with an outlandish cast of animals and circus performers, puts on the best show ever.",False,"[35, 10751]",6.326,4.9,129
Nacho Libre,Watched,"November 11, 2023",7.5,9.0,"Comedy, Family",Torrent,Valerie,Valerie,https://www.imdb.com/title/tt0457510/,"June 16, 2006",tt0457510,"{'tmdb_id': 9353, 'summary': 'Nacho Libre is loosely based on the story of Fray Tormenta (""Friar Storm""), aka Rev. Sergio Gutierrez Benitez, a real-life Mexican Catholic priest who had a 23-year career as a masked luchador. He competed in order to support the orphanage he directed.', 'adult': False, 'genre_ids': [35, 10751, 18], 'popularity': 48.763, 'vote_average': 6.5, 'vote_count': 1603}",9353,"Nacho Libre is loosely based on the story of Fray Tormenta (""Friar Storm""), aka Rev. Sergio Gutierrez Benitez, a real-life Mexican Catholic priest who had a 23-year career as a masked luchador. He competed in order to support the orphanage he directed.",False,"[35, 10751, 18]",48.763,6.5,1603
Coco,Watched,"November 8, 2023",7.0,8.5,"Family, Musical",Disney +,Valerie,Valerie,https://www.imdb.com/title/tt2380307/,"November 22, 2017",tt2380307,"{'tmdb_id': 354912, 'summary': ""Despite his family’s baffling generations-old ban on music, Miguel dreams of becoming an accomplished musician like his idol, Ernesto de la Cruz. Desperate to prove his talent, Miguel finds himself in the stunning and colorful Land of the Dead following a mysterious chain of events. Along the way, he meets charming trickster Hector, and together, they set off on an extraordinary journey to unlock the real story behind Miguel's family history."", 'adult': False, 'genre_ids': [10751, 16, 10402, 12], 'popularity': 411.279, 'vote_average': 8.212, 'vote_count': 19285}",354912,"Despite his family’s baffling generations-old ban on music, Miguel dreams of becoming an accomplished musician like his idol, Ernesto de la Cruz. Desperate to prove his talent, Miguel finds himself in the stunning and colorful Land of the Dead following a mysterious chain of events. Along the way, he meets charming trickster Hector, and together, they set off on an extraordinary journey to unlock the real story behind Miguel's family history.",False,"[10751, 16, 10402, 12]",411.279,8.212,19285
Whiplash,Watched,"November 7, 2023",9.0,9.0,"Drama, Musical",Torrent,Valerie,Valerie,https://www.imdb.com/title/tt2582802/,"October 10, 2014",tt2582802,"{'tmdb_id': 244786, 'summary': 'Under the direction of a ruthless instructor, a talented young drummer begins to pursue perfection at any cost, even his humanity.', 'adult': False, 'genre_ids': [18, 10402], 'popularity': 63.402, 'vote_average': 8.381, 'vote_count': 14991}",244786,"Under the direction of a ruthless instructor, a talented young drummer begins to pursue perfection at any cost, even his humanity.",False,"[18, 10402]",63.402,8.381,14991
Five Nights At Freddy’s,Watched,"November 1, 2023",4.5,5.0,"Action, Family",Prime Video,Neither,Valerie,https://www.imdb.com/title/tt4589218/,"October 25, 2023",tt4589218,"{'tmdb_id': 507089, 'summary': ""Recently fired and desperate for work, a troubled young man named Mike agrees to take a position as a night security guard at an abandoned theme restaurant: Freddy Fazbear's Pizzeria. But he soon discovers that nothing at Freddy's is what it seems."", 'adult': False, 'genre_ids': [27, 9648], 'popularity': 147.088, 'vote_average': 7.6, 'vote_count': 3985}",507089,"Recently fired and desperate for work, a troubled young man named Mike agrees to take a position as a night security guard at an abandoned theme restaurant: Freddy Fazbear's Pizzeria. But he soon discovers that nothing at Freddy's is what it seems.",False,"[27, 9648]",147.088,7.6,3985
Wayne’s World,Watched,"October 23, 2023",7.5,7.0,"Comedy, Stoner",Torrent,"Collin, Valerie",Collin,https://www.imdb.com/title/tt0105793/,"February 14, 1992",tt0105793,"{'tmdb_id': 8872, 'summary': 'The adventures of two amiably aimless metal-head friends, Wayne and Garth. From Wayne\'s basement, the pair broadcast a talk-show called ""Wayne\'s World"" on local public access television. The show comes to the attention of a sleazy network executive who wants to produce a big-budget version of ""Wayne\'s World""—and he also wants Wayne\'s girlfriend, a rock singer named Cassandra. Wayne and Garth have to battle the executive not only to save their show, but also Cassandra.', 'adult': False, 'genre_ids': [35, 10402], 'popularity': 21.031, 'vote_average': 6.7, 'vote_count': 2199}",8872,"The adventures of two amiably aimless metal-head friends, Wayne and Garth. From Wayne's basement, the pair broadcast a talk-show called ""Wayne's World"" on local public access television. The show comes to the attention of a sleazy network executive who wants to produce a big-budget version of ""Wayne's World""—and he also wants Wayne's girlfriend, a rock singer named Cassandra. Wayne and Garth have to battle the executive not only to save their show, but also Cassandra.",False,"[35, 10402]",21.031,6.7,2199
Holes,Watched,"October 21, 2023",8.0,9.0,"Comedy, Family",Disney +,"Collin, Valerie",Valerie,https://www.imdb.com/title/tt0311289/,"April 11, 2003",tt0311289,"{'tmdb_id': 8326, 'summary': ""A wrongfully convicted boy is sent to a brutal desert detention camp where he must dig holes in order to build character. What he doesn't know is that he is digging holes in order to search for a lost treasure hidden somewhere in the camp."", 'adult': False, 'genre_ids': [12, 10751, 18, 35], 'popularity': 20.371, 'vote_average': 6.854, 'vote_count': 1361}",8326,A wrongfully convicted boy is sent to a brutal desert detention camp where he must dig holes in order to build character. What he doesn't know is that he is digging holes in order to search for a lost treasure hidden somewhere in the camp.,False,"[12, 10751, 18, 35]",20.371,6.854,1361
Don’t Look Up,Watched,"October 18, 2023",8.0,6.0,"Comedy, Drama",Netflix,Collin,Collin,https://www.imdb.com/title/tt11286314/,"December 8, 2021",tt11286314,"{'tmdb_id': 646380, 'summary': 'Two astronomers go on a media tour to warn humankind of a planet-killing comet hurtling toward Earth. The response from a distracted world: Meh.', 'adult': False, 'genre_ids': [35, 878, 18], 'popularity': 35.618, 'vote_average': 7.089, 'vote_count': 8139}",646380,Two astronomers go on a media tour to warn humankind of a planet-killing comet hurtling toward Earth. The response from a distracted world: Meh.,False,"[35, 878, 18]",35.618,7.089,8139
Corpse Bride,Watched,"October 17, 2023",7.0,8.5,Musical,Torrent,Valerie,Valerie,https://www.imdb.com/title/tt0121164/,"September 16, 2005",tt0121164,"{'tmdb_id': 3933, 'summary': 'Set in a 19th-century European village, this stop-motion animation feature follows the story of Victor, a young man whisked away to the underworld and wed to a mysterious corpse bride, while his real bride Victoria waits bereft in the land of the living.', 'adult': False, 'genre_ids': [10749, 14, 16], 'popularity': 817.505, 'vote_average': 7.572, 'vote_count': 9091}",3933,"Set in a 19th-century European village, this stop-motion animation feature follows the story of Victor, a young man whisked away to the underworld and wed to a mysterious corpse bride, while his real bride Victoria waits bereft in the land of the living.",False,"[10749, 14, 16]",817.505,7.572,9091
Liar Liar,Watched,"October 16, 2023",6.5,6.5,Comedy,Netflix,Collin,Collin,https://www.imdb.com/title/tt0119528/,"March 21, 1997",tt0119528,"{'tmdb_id': 1624, 'summary': ""Fletcher Reed, a fast-talking, habitual liar, divorced father, is an incredibly successful lawyer who has built his career by lying. He is used to giving priority to his job and always breaking promises to be with his young son Max, but Fletcher often lets Max down, by missing his son's birthday party. But even then at 8:15 Max decides to make him an honest man as he wishes for a whole day where his father can't lie. When his son Max blows out the candles on his fifth birthday, he only has one wish - for his father to stop lying for 24 hours. When Max's wish comes true, Fletcher discovers that his mouth has suddenly become his biggest obstacle"", 'adult': False, 'genre_ids': [35], 'popularity': 25.293, 'vote_average': 6.687, 'vote_count': 5579}",1624,"Fletcher Reed, a fast-talking, habitual liar, divorced father, is an incredibly successful lawyer who has built his career by lying. He is used to giving priority to his job and always breaking promises to be with his young son Max, but Fletcher often lets Max down, by missing his son's birthday party. But even then at 8:15 Max decides to make him an honest man as he wishes for a whole day where his father can't lie. When his son Max blows out the candles on his fifth birthday, he only has one wish - for his father to stop lying for 24 hours. When Max's wish comes true, Fletcher discovers that his mouth has suddenly become his biggest obstacle",False,[35],25.293,6.687,5579
What We Do In The Shadows,Watched,"October 14, 2023",4.0,7.5,Comedy,Torrent,Valerie,Valerie,https://www.imdb.com/title/tt3416742/,"February 13, 2015",tt3416742,"{'tmdb_id': 246741, 'summary': 'Vampire housemates try to cope with the complexities of modern life and show a newly turned hipster some of the perks of being undead.', 'adult': False, 'genre_ids': [35, 27], 'popularity': 18.406, 'vote_average': 7.575, 'vote_count': 3480}",246741,Vampire housemates try to cope with the complexities of modern life and show a newly turned hipster some of the perks of being undead.,False,"[35, 27]",18.406,7.575,3480
Matilda,Watched,"October 13, 2023",8.0,8.0,"Comedy, Family",Netflix,Collin,Collin,https://www.imdb.com/title/tt0117008/,"August 2, 1996",tt0117008,"{'tmdb_id': 10830, 'summary': 'Matilda Wormwood is an exquisite and intelligent little girl. Unfortunately, her parents, Harry and Zinnia misunderstand her because they think she is so different. As time passes, she finally starts school and has a kind teacher, loyal friends, and a sadistic headmistress. As she gets fed up with the constant cruelty, she begins to realize that she has a gift of telekinetic powers. After some days of practice, she suddenly turns the tables to stand up to Harry and Zinnia and outwit the headmistress.', 'adult': False, 'genre_ids': [35, 10751, 14], 'popularity': 57.43, 'vote_average': 7.164, 'vote_count': 4384}",10830,"Matilda Wormwood is an exquisite and intelligent little girl. Unfortunately, her parents, Harry and Zinnia misunderstand her because they think she is so different. As time passes, she finally starts school and has a kind teacher, loyal friends, and a sadistic headmistress. As she gets fed up with the constant cruelty, she begins to realize that she has a gift of telekinetic powers. After some days of practice, she suddenly turns the tables to stand up to Harry and Zinnia and outwit the headmistress.",False,"[35, 10751, 14]",57.43,7.164,4384
Idiocracy,Watched,"October 10, 2023",7.0,7.5,Comedy,Prime Video,Collin,Collin,https://www.imdb.com/title/tt0387808/,"September 1, 2006",tt0387808,"{'tmdb_id': 7512, 'summary': ""To test its top-secret Human Hibernation Project, the Pentagon picks the most average Americans it can find - an Army private and a prostitute - and sends them to the year 2505 after a series of freak events. But when they arrive, they find a civilization so dumbed-down that they're the smartest people around."", 'adult': False, 'genre_ids': [35, 878, 12], 'popularity': 36.176, 'vote_average': 6.343, 'vote_count': 2945}",7512,"To test its top-secret Human Hibernation Project, the Pentagon picks the most average Americans it can find - an Army private and a prostitute - and sends them to the year 2505 after a series of freak events. But when they arrive, they find a civilization so dumbed-down that they're the smartest people around.",False,"[35, 878, 12]",36.176,6.343,2945
Garfield: A Tail of Two Kitties,Watched,"September 27, 2023",3.0,4.0,"Comedy, Family",Disney +,Valerie,Valerie,https://www.imdb.com/title/tt0455499/,"June 16, 2006",tt0455499,"{'tmdb_id': 9513, 'summary': 'Jon and Garfield visit the United Kingdom, where a case of mistaken cat identity finds Garfield ruling over a castle. His reign is soon jeopardized by the nefarious Lord Dargis, who has designs on the estate.', 'adult': False, 'genre_ids': [16, 35, 10751, 12, 18, 14], 'popularity': 32.841, 'vote_average': 5.6, 'vote_count': 2167}",9513,"Jon and Garfield visit the United Kingdom, where a case of mistaken cat identity finds Garfield ruling over a castle. His reign is soon jeopardized by the nefarious Lord Dargis, who has designs on the estate.",False,"[16, 35, 10751, 12, 18, 14]",32.841,5.6,2167
The Road To El Dorado,Watched,"September 13, 2023",8.0,8.5,"Family, Musical",Disney +,"Collin, Valerie","Collin, Valerie",https://www.imdb.com/title/tt0138749/,"March 31, 2000",tt0138749,"{'tmdb_id': 10501, 'summary': 'After a failed swindle, two con-men end up with a map to El Dorado, the fabled ""city of gold,"" and an unintended trip to the New World.  Much to their surprise, the map does lead the pair to the mythical city, where the startled inhabitants promptly begin to worship them as gods.  The only question is, do they take the worshipful natives for all they\'re worth, or is there a bit more to El Dorado than riches?', 'adult': False, 'genre_ids': [10751, 12, 16, 35, 14], 'popularity': 34.706, 'vote_average': 7.254, 'vote_count': 3700}",10501,"After a failed swindle, two con-men end up with a map to El Dorado, the fabled ""city of gold,"" and an unintended trip to the New World.  Much to their surprise, the map does lead the pair to the mythical city, where the startled inhabitants promptly begin to worship them as gods.  The only question is, do they take the worshipful natives for all they're worth, or is there a bit more to El Dorado than riches?",False,"[10751, 12, 16, 35, 14]",34.706,7.254,3700
Spy Kids 3,Watched,"September 8, 2023",6.0,6.5,"Comedy, Family",Torrent,"Collin, Valerie",Valerie,https://www.imdb.com/title/tt0338459/,"July 25, 2003",tt0338459,"{'tmdb_id': 12279, 'summary': ""Carmen's caught in a virtual reality game designed by the Kids' new nemesis, the Toymaker. It's up to Juni to save his sister, and ultimately the world."", 'adult': False, 'genre_ids': [28, 12, 35, 10751, 878], 'popularity': 29.979, 'vote_average': 5.1, 'vote_count': 2181}",12279,"Carmen's caught in a virtual reality game designed by the Kids' new nemesis, the Toymaker. It's up to Juni to save his sister, and ultimately the world.",False,"[28, 12, 35, 10751, 878]",29.979,5.1,2181
Horrible Bosses,Watched,"September 6, 2023",6.5,4.0,Comedy,Torrent,Collin,Collin,https://www.imdb.com/title/tt1499658/,"July 8, 2011",tt1499658,"{'tmdb_id': 51540, 'summary': 'For Nick, Kurt and Dale, the only thing that would make the daily grind more tolerable would be to grind their intolerable bosses into dust. Quitting is not an option, so, with the benefit of a few-too-many drinks and some dubious advice from a hustling ex-con, the three friends devise a convoluted and seemingly foolproof plan to rid themselves of their respective employers... permanently.', 'adult': False, 'genre_ids': [35, 80], 'popularity': 16.99, 'vote_average': 6.6, 'vote_count': 6281}",51540,"For Nick, Kurt and Dale, the only thing that would make the daily grind more tolerable would be to grind their intolerable bosses into dust. Quitting is not an option, so, with the benefit of a few-too-many drinks and some dubious advice from a hustling ex-con, the three friends devise a convoluted and seemingly foolproof plan to rid themselves of their respective employers... permanently.",False,"[35, 80]",16.99,6.6,6281
Ratatouille,Watched,"August 27, 2023",8.5,10.0,Drama,Disney +,Valerie,Valerie,https://www.imdb.com/title/tt0382932/,"June 27, 2007",tt0382932,"{'tmdb_id': 2062, 'summary': ""Remy, a resident of Paris, appreciates good food and has quite a sophisticated palate. He would love to become a chef so he can create and enjoy culinary masterpieces to his heart's delight. The only problem is, Remy is a rat. When he winds up in the sewer beneath one of Paris' finest restaurants, the rodent gourmet finds himself ideally placed to realize his dream."", 'adult': False, 'genre_ids': [16, 35, 10751, 14], 'popularity': 127.791, 'vote_average': 7.824, 'vote_count': 16923}",2062,"Remy, a resident of Paris, appreciates good food and has quite a sophisticated palate. He would love to become a chef so he can create and enjoy culinary masterpieces to his heart's delight. The only problem is, Remy is a rat. When he winds up in the sewer beneath one of Paris' finest restaurants, the rodent gourmet finds himself ideally placed to realize his dream.",False,"[16, 35, 10751, 14]",127.791,7.824,16923
The Jerk,Watched,"August 25, 2023",8.5,,"Classic, Comedy",Torrent,Collin,Collin,https://www.imdb.com/title/tt0079367/,"December 14, 1979",tt0079367,"{'tmdb_id': 6471, 'summary': ""After discovering he's not really black like the rest of his family, likable dimwit Navin Johnson sets off on a hilarious misadventure that takes him from rags to riches and back again. The slaphappy jerk strikes it rich, but life in the fast lane isn't all it's cracked up to be and, in the end, all that really matters to Johnson is his true love."", 'adult': False, 'genre_ids': [35], 'popularity': 14.666, 'vote_average': 6.901, 'vote_count': 800}",6471,"After discovering he's not really black like the rest of his family, likable dimwit Navin Johnson sets off on a hilarious misadventure that takes him from rags to riches and back again. The slaphappy jerk strikes it rich, but life in the fast lane isn't all it's cracked up to be and, in the end, all that really matters to Johnson is his true love.",False,[35],14.666,6.901,800
How to Train Your Dragon,Watched,"August 23, 2023",7.0,8.5,Action,Torrent,Valerie,Valerie,https://www.imdb.com/title/tt0892769/,"March 18, 2010",tt0892769,"{'tmdb_id': 10191, 'summary': 'As the son of a Viking leader on the cusp of manhood, shy Hiccup Horrendous Haddock III faces a rite of passage: he must kill a dragon to prove his warrior mettle. But after downing a feared dragon, he realizes that he no longer wants to destroy it, and instead befriends the beast – which he names Toothless – much to the chagrin of his warrior father.', 'adult': False, 'genre_ids': [14, 12, 16, 10751], 'popularity': 89.688, 'vote_average': 7.83, 'vote_count': 12908}",10191,"As the son of a Viking leader on the cusp of manhood, shy Hiccup Horrendous Haddock III faces a rite of passage: he must kill a dragon to prove his warrior mettle. But after downing a feared dragon, he realizes that he no longer wants to destroy it, and instead befriends the beast – which he names Toothless – much to the chagrin of his warrior father.",False,"[14, 12, 16, 10751]",89.688,7.83,12908
Fruitvale Station,Watched,"August 21, 2023",8.5,8.5,Drama,Torrent,Collin,Collin,https://www.imdb.com/title/tt2334649/,"July 12, 2013",tt2334649,"{'tmdb_id': 157354, 'summary': ""Oakland, California. Young Afro-American Oscar Grant crosses paths with family members, friends, enemies and strangers before facing his fate on the platform at Fruitvale Station, in the early morning hours of New Year's Day 2009."", 'adult': False, 'genre_ids': [18], 'popularity': 11.386, 'vote_average': 7.4, 'vote_count': 1280}",157354,"Oakland, California. Young Afro-American Oscar Grant crosses paths with family members, friends, enemies and strangers before facing his fate on the platform at Fruitvale Station, in the early morning hours of New Year's Day 2009.",False,[18],11.386,7.4,1280
Spy Kids 2,Watched,"August 19, 2023",7.0,9.0,"Comedy, Family",Torrent,Valerie,Valerie,https://www.imdb.com/title/tt0287717/,"September 2, 2002",tt0287717,"{'tmdb_id': 9488, 'summary': ""Exploring the further adventures of Carmen and Juni Cortez, who have now joined the family spy business as Level 2 OSS agents. Their new mission is to save the world from a mad scientist living on a volcanic island populated by an imaginative menagerie of creatures. On this bizarre island, none of the Cortez's gadgets work and they must rely on their wits--and each other--to survive and save the day."", 'adult': False, 'genre_ids': [28, 12, 10751, 35, 878, 18], 'popularity': 23.099, 'vote_average': 5.6, 'vote_count': 2153}",9488,"Exploring the further adventures of Carmen and Juni Cortez, who have now joined the family spy business as Level 2 OSS agents. Their new mission is to save the world from a mad scientist living on a volcanic island populated by an imaginative menagerie of creatures. On this bizarre island, none of the Cortez's gadgets work and they must rely on their wits--and each other--to survive and save the day.",False,"[28, 12, 10751, 35, 878, 18]",23.099,5.6,2153
Once Upon A Time in Hollywood,Watched,"August 15, 2023",8.5,6.0,Drama,Hulu,Collin,Collin,https://www.imdb.com/title/tt7131622/,"July 22, 2019",tt7131622,"{'tmdb_id': 466272, 'summary': 'Los Angeles, 1969. TV star Rick Dalton, a struggling actor specializing in westerns, and stuntman Cliff Booth, his best friend, try to survive in a constantly changing movie industry. Dalton is the neighbor of the young and promising actress and model Sharon Tate, who has just married the prestigious Polish director Roman Polanski…', 'adult': False, 'genre_ids': [35, 18, 53], 'popularity': 58.632, 'vote_average': 7.439, 'vote_count': 13319}",466272,"Los Angeles, 1969. TV star Rick Dalton, a struggling actor specializing in westerns, and stuntman Cliff Booth, his best friend, try to survive in a constantly changing movie industry. Dalton is the neighbor of the young and promising actress and model Sharon Tate, who has just married the prestigious Polish director Roman Polanski…",False,"[35, 18, 53]",58.632,7.439,13319
The Girl With the Dragon Tattoo,Watched,"August 9, 2023",8.0,9.5,"Mystery, Thriller",Torrent,Collin,Collin,https://www.imdb.com/title/tt1568346/,"December 14, 2011",tt1568346,"{'tmdb_id': 65754, 'summary': ""Disgraced journalist Mikael Blomkvist investigates the disappearance of a weary patriarch's niece from 40 years ago. He is aided by the pierced, tattooed, punk computer hacker named Lisbeth Salander. As they work together in the investigation, Blomkvist and Salander uncover immense corruption beyond anything they have ever imagined."", 'adult': False, 'genre_ids': [53, 80, 9648], 'popularity': 28.766, 'vote_average': 7.374, 'vote_count': 6909}",65754,"Disgraced journalist Mikael Blomkvist investigates the disappearance of a weary patriarch's niece from 40 years ago. He is aided by the pierced, tattooed, punk computer hacker named Lisbeth Salander. As they work together in the investigation, Blomkvist and Salander uncover immense corruption beyond anything they have ever imagined.",False,"[53, 80, 9648]",28.766,7.374,6909
Nimona,Watched,"August 8, 2023",8.5,9.0,Action,Netflix,Valerie,Valerie,https://www.imdb.com/title/tt19500164/,"June 23, 2023",tt19500164,"{'tmdb_id': 961323, 'summary': 'A knight framed for a tragic crime teams with a scrappy, shape-shifting teen to prove his innocence.', 'adult': False, 'genre_ids': [12, 16, 14, 10751, 28, 878], 'popularity': 34.169, 'vote_average': 7.907, 'vote_count': 1061}",961323,"A knight framed for a tragic crime teams with a scrappy, shape-shifting teen to prove his innocence.",False,"[12, 16, 14, 10751, 28, 878]",34.169,7.907,1061
Spy Kids,Watched,"August 6, 2023",5.5,7.0,"Comedy, Family",Torrent,Valerie,Valerie,https://www.imdb.com/title/tt0227538/,"March 30, 2001",tt0227538,"{'tmdb_id': 10054, 'summary': 'Carmen and Juni think their parents are boring. Little do they know that in their day, Gregorio and Ingrid Cortez were the top secret agents from their respective countries. They gave up that life to raise their children. Now, the disappearances of several of their old colleagues forces the Cortez\' return from retirement. What they didn\'t count on was Carmen and Juni joining the ""family business.""', 'adult': False, 'genre_ids': [28, 35, 10751, 12], 'popularity': 27.216, 'vote_average': 5.796, 'vote_count': 3394}",10054,"Carmen and Juni think their parents are boring. Little do they know that in their day, Gregorio and Ingrid Cortez were the top secret agents from their respective countries. They gave up that life to raise their children. Now, the disappearances of several of their old colleagues forces the Cortez' return from retirement. What they didn't count on was Carmen and Juni joining the ""family business.""",False,"[28, 35, 10751, 12]",27.216,5.796,3394
The Wedding Singer,Watched,"August 1, 2023",6.0,7.0,"Comedy, Romance",Torrent,Valerie,Valerie,https://www.imdb.com/title/tt0120888/,"February 13, 1998",tt0120888,"{'tmdb_id': 11003, 'summary': 'Robbie, a local rock star turned wedding singer, is dumped on the day of his wedding. Meanwhile, waitress Julia finally sets a wedding date with her fiancée Glenn. When Julia and Robbie meet and hit it off, they find that things are more complicated than anybody thought.', 'adult': False, 'genre_ids': [10749, 35], 'popularity': 15.064, 'vote_average': 6.8, 'vote_count': 1711}",11003,"Robbie, a local rock star turned wedding singer, is dumped on the day of his wedding. Meanwhile, waitress Julia finally sets a wedding date with her fiancée Glenn. When Julia and Robbie meet and hit it off, they find that things are more complicated than anybody thought.",False,"[10749, 35]",15.064,6.8,1711
